time,tweet,retweets,followers,urls,authors,mentions,ranking score,hashtags
1,1,4,10955.0,0,1,2,6.719686500000001,1
2,1,3,1762.0,0,1,0,5.019346,1
3,0,0,0.0,0,0,0,0.0,0
4,2,3,1168.0,0,2,3,9.3811113,2
5,2,3,465.0,1,2,1,8.302148800000001,8
6,2,3,2850.0,0,1,2,7.767500200000001,3
7,1,1,1101.0,0,1,1,3.9856327000000005,2
8,1,1,712.0,0,1,0,7.685281,3
9,1,6,2895.0,1,1,0,4.6402764,2
10,5,5,4732.0,1,5,5,23.1902436,13
11,3,3,1547.0,0,3,2,12.8688675,7
12,3,5,1868.0,0,3,3,12.676993999999999,5
13,0,0,0.0,0,0,0,0.0,0
14,1,4,158.0,0,1,1,3.8927068999999994,2
15,1,2,81.0,0,1,1,5.476914,1
16,1,1,1000.0,0,1,2,3.7933529999999998,3
17,2,9,1000.0,1,1,0,7.5685617999999995,2
18,3,4,1147.0,1,3,1,13.402581899999998,5
19,0,0,0.0,0,0,0,0.0,0
20,4,38,5439.0,0,4,1,17.730584,14
21,0,0,0.0,0,0,0,0.0,0
22,0,0,0.0,0,0,0,0.0,0
23,0,0,0.0,0,0,0,0.0,0
0,1,4,1357.0,0,1,3,4.763792,1
1,1,1,466.0,0,1,0,4.1227480000000005,2
2,1,1,1762.0,0,1,0,4.29699,1
3,1,1,29.0,1,1,0,4.218682,1
4,1,1,387.0,1,1,0,4.2273393,10
5,3,3,4063.0,0,3,6,12.4982792,6
6,1,1,265.0,0,1,2,3.7434402,2
7,3,3,1015.0,1,3,3,16.104776400000002,3
8,4,6,9834.0,0,3,4,20.4697821,5
9,1,3,20896.0,0,1,0,3.7375220000000002,5
10,3,5,1440.0,0,3,2,17.0604454,4
11,3,6,5455.0,0,3,3,14.8857363,5
12,2,2,1075.0,0,2,2,8.7443573,3
13,4,7,1616.0,2,4,4,17.1108256,9
14,4,5,1708.0,1,4,1,18.0770993,8
15,1,1,63.0,0,1,2,3.7014809,2
16,6,16,23534.0,2,6,3,28.768780299999996,8
17,2,9,792.0,0,2,0,9.175714,3
18,4,10,4452.0,1,4,2,18.200023,14
19,4,8,1714.0,0,4,4,16.369468499999996,11
20,3,6,280948.0,0,3,5,18.3518033,4
21,1,1,263.0,0,1,0,4.4925857,3
22,3,3,604.0,0,2,4,12.527961100000002,9
23,0,0,0.0,0,0,0,0.0,0
0,2,2,349.0,0,2,2,8.570778,4
1,0,0,0.0,0,0,0,0.0,0
2,0,0,0.0,0,0,0,0.0,0
3,0,0,0.0,0,0,0,0.0,0
4,0,0,0.0,0,0,0,0.0,0
5,1,1,1101.0,0,1,1,3.6030660000000005,2
6,0,0,0.0,0,0,0,0.0,0
7,0,0,0.0,0,0,0,0.0,0
8,5,6,7887.0,2,5,2,24.8310886,12
9,5,7,3363.0,2,5,1,21.4572717,11
10,1,1,1060.0,1,1,0,4.527191999999999,2
11,5,8,7844.0,3,5,6,22.4024968,17
12,8,10,8539.0,1,8,8,41.387748699999996,16
13,7,7,3360.0,2,7,4,33.820245,18
14,7,11,3519.0,2,7,8,35.973524700000006,16
15,3,4,1485.0,0,3,4,12.213966000000001,4
16,5,7,6618.0,0,5,6,22.269704,9
17,13,25,11857.0,1,8,7,57.615723300000006,29
18,6,8,9807.0,1,5,6,27.888833999999996,15
19,6,9,1684.0,1,6,7,24.811941599999997,10
20,4,7,3129.0,0,3,5,16.5239324,4
21,2,2,477.0,0,2,1,8.6016471,2
22,3,5,3937.0,0,3,15,11.5108496,5
23,2,4,368.0,0,2,10,6.9437632,2
0,0,0,0.0,0,0,0,0.0,0
1,0,0,0.0,0,0,0,0.0,0
2,1,1,2498.0,1,1,0,4.6230445,1
3,0,0,0.0,0,0,0,0.0,0
4,1,1,24.0,0,1,0,4.6230445,2
5,1,1,502.0,1,1,0,4.272337,6
6,4,7,7721.0,0,3,3,17.792109099999998,7
7,4,6,1236.0,2,4,1,21.3983133,7
8,9,22,24491.0,2,9,7,43.334116,27
9,7,12,10266.0,0,7,20,29.6400244,12
10,8,13,12580.0,1,8,5,38.4632041,14
11,7,7,5046.0,1,7,3,30.610982200000002,25
12,5,5,2658.0,1,5,6,19.926246399999997,9
13,6,6,4652.0,1,6,6,29.2400146,14
14,10,17,9802.0,3,8,12,44.1412252,18
15,9,12,12569.0,0,7,7,39.174064900000005,21
16,10,22,10506.0,1,10,6,41.8808246,24
17,7,12,6677.0,0,6,6,31.1631858,16
18,10,10,3233.0,1,10,4,51.373965,16
19,8,11,2121.0,0,8,14,35.1083691,10
20,12,16,2930.0,1,12,14,52.0384795,20
21,17,67,129801.0,0,16,13,79.80584879999998,40
22,8,12,8251.0,0,8,6,40.6062688,17
23,9,9,3324.0,0,8,4,37.99503419999999,16
0,5,6,1483.0,0,4,1,29.8725801,14
1,4,4,607.0,0,4,0,17.867339,7
2,0,0,0.0,0,0,0,0.0,0
3,2,3,3928.0,0,2,2,9.655891,3
4,10,16,16000.0,3,10,4,47.4221043,24
5,15,27,43314.0,1,13,5,72.03845240000001,40
6,43,75,22655.0,10,36,15,210.0934601,91
7,46,57,30246.0,9,44,31,206.95183169999999,98
8,64,78,32882.0,6,63,27,293.5948281000001,148
9,69,126,210364.0,8,68,43,326.30554670000004,169
10,41,51,49613.0,6,39,23,181.91868339999996,86
11,87,124,193894.0,12,84,57,411.74551979999995,201
12,96,142,118171.0,16,90,60,462.49949060000006,215
13,102,462,3140594.0,11,98,55,487.90733200000017,176
14,92,113,39167.0,12,86,61,427.24683229999977,194
15,790,1110,915882.0,52,724,231,3862.740929200008,1550
16,704,901,1888824.0,56,567,210,3408.822227500008,1493
17,367,474,382943.0,21,317,160,1783.8186549999982,818
18,869,1132,814520.0,38,660,257,4245.414995400008,1961
19,470,807,677644.0,56,443,194,2244.008719699999,1012
20,62,78,75307.0,15,60,30,306.14878849999997,148
21,17,21,5129.0,1,17,9,82.87589990000001,48
22,21,31,10050.0,2,20,13,96.6706318,42
23,7,9,26880.0,2,7,2,30.9619744,17
0,7,8,1361.0,0,7,2,32.1248038,18
1,6,8,1450.0,2,6,2,30.3647591,11
2,13,17,6988.0,6,10,8,54.5511543,46
3,9,9,3307.0,1,9,7,41.3305989,21
4,10,13,8252.0,6,9,8,42.76062540000001,16
5,8,13,8586.0,0,6,11,31.8860544,21
6,12,15,16027.0,0,12,6,59.6027574,23
7,12,13,7560.0,3,11,4,59.7475203,25
8,18,25,19562.0,1,18,18,74.4683549,41
9,22,22,12681.0,6,22,9,99.25598339999999,70
10,9,13,5294.0,0,8,11,36.8808582,14
11,12,12,5588.0,2,11,10,50.9568824,32
12,5,5,1851.0,1,5,5,21.235906900000003,14
13,8,9,582.0,1,8,8,32.3071405,27
14,9,9,2182.0,2,9,5,41.5525654,19
15,11,19,7511.0,2,11,10,48.425428700000005,24
16,5,7,1133.0,0,5,7,20.471723299999997,11
17,7,11,3649.0,1,7,4,28.488694099999996,21
18,10,14,765.0,0,7,7,45.3401319,16
19,14,39,10246.0,1,13,13,64.7597986,24
20,5,7,863.0,1,5,3,21.014425499999998,6
21,5,7,3184.0,1,5,3,27.5444088,12
22,9,10,1248.0,1,9,5,37.969739,21
23,2,3,536.0,0,2,5,8.5126793,3
0,0,0,0.0,0,0,0,0.0,0
1,5,5,612.0,0,5,3,19.7983916,7
2,1,1,210.0,0,1,1,3.5610227999999995,1
3,1,1,30.0,0,1,0,4.0117364,3
4,3,3,1938.0,0,3,2,11.4975806,4
5,1,1,1173.0,1,1,0,4.1948276,3
6,10,16,10603.0,2,10,5,49.623506000000006,20
7,10,14,15705.0,3,10,11,48.4959137,19
8,8,19,2992.0,1,8,4,38.8532003,18
9,11,13,5917.0,1,11,4,54.293134800000004,24
10,5,5,854.0,1,5,7,23.5999545,6
11,7,9,1270.0,2,7,4,34.9019036,17
12,1,2,6538.0,1,1,0,4.8005457,4
13,0,0,0.0,0,0,0,0.0,0
14,13,16,24795.0,4,13,8,59.1271621,23
15,9,11,5343.0,3,8,2,47.04371600000001,24
16,6,8,5670.0,0,4,4,26.612664399999996,9
17,12,30,4916.0,2,11,7,52.7132111,25
18,6,7,1481.0,0,6,2,27.5981846,8
19,10,12,3451.0,1,9,10,45.62122199999999,14
20,24,29,30165.0,5,21,8,108.12086849999999,32
21,13,21,5330.0,1,13,5,60.2154774,22
22,5,5,4026.0,0,5,3,24.462423499999996,10
23,3,3,772.0,0,3,3,12.5602488,7
0,2,3,284.0,0,2,1,8.3689839,3
1,1,1,106.0,0,1,1,3.9463663,1
2,4,7,2560.0,1,4,5,16.9785231,8
3,3,3,1919.0,0,3,0,12.5006233,6
4,5,5,2109.0,0,5,3,20.6947135,10
5,2,2,231.0,0,2,1,8.7663517,4
6,7,9,5052.0,1,7,6,30.189716999999998,11
7,7,10,2665.0,1,7,5,28.832363,11
8,4,8,4106.0,0,3,3,17.3825076,7
9,8,10,1465.0,5,4,6,36.3215354,12
10,2,3,1826.0,1,2,2,7.4895216,3
11,4,4,1103.0,0,4,3,16.1261976,8
12,9,14,4542.0,1,9,5,39.963048500000006,31
13,4,4,3387.0,1,4,2,20.5296248,6
14,7,32,3764.0,0,7,6,34.3993255,15
15,7,9,3551.0,0,7,1,33.3616369,9
16,31,60,40318.0,0,6,28,129.0238252,88
17,7,14,4803.0,2,4,5,29.324670299999994,16
18,8,11,6853.0,0,8,7,34.408181899999995,16
19,7,7,2868.0,2,5,5,29.4185802,18
20,6,7,1040.0,1,6,7,26.2494091,19
21,2,2,15102.0,0,2,1,9.0602886,3
22,3,4,1528.0,1,3,1,13.701532,3
23,3,3,80.0,0,3,1,12.1001912,9
0,0,0,0.0,0,0,0,0.0,0
1,0,0,0.0,0,0,0,0.0,0
2,0,0,0.0,0,0,0,0.0,0
3,0,0,0.0,0,0,0,0.0,0
4,0,0,0.0,0,0,0,0.0,0
5,1,1,11.0,1,1,0,4.5958185,1
6,4,4,2057.0,1,4,1,18.1613113,10
7,2,2,122.0,0,2,1,7.476927,5
8,5,11,41291.0,1,5,3,28.012502000000005,10
9,8,12,1318.0,1,8,9,38.00174,17
10,4,7,1879.0,1,4,5,14.851279100000003,11
11,3,3,1400.0,2,3,0,19.7961096,6
12,2,2,814.0,0,2,1,9.1854813,2
13,0,0,0.0,0,0,0,0.0,0
14,1,2,166.0,0,1,0,5.079233599999999,4
15,3,6,1781.0,0,3,0,14.3012133,7
16,6,9,2130.0,0,5,0,26.4915209,14
17,12,13,3752.0,2,11,5,53.98610020000001,23
18,14,24,5554.0,0,12,21,63.7369297,30
19,16,34,8445.0,2,14,16,76.14357629999999,29
20,19,21,23943.0,3,14,12,94.61301279999998,25
21,4,4,1931.0,1,4,1,17.680360099999998,4
22,6,19,7847.0,0,5,3,25.1827789,12
23,3,4,4421.0,1,3,2,15.016877800000001,12
0,0,0,0.0,0,0,0,0.0,0
1,3,5,273.0,1,3,2,13.039293,6
2,3,3,346.0,0,3,1,13.4292068,6
3,2,2,2064.0,0,2,1,8.2144297,5
4,4,4,315.0,0,4,1,17.0039339,10
5,7,69,3219.0,1,7,7,28.8179326,22
6,15,19,8555.0,1,15,25,67.8453496,27
7,5,7,675.0,0,5,3,21.8976627,7
8,11,11,3483.0,3,11,10,46.1674252,21
9,11,15,3906.0,0,11,9,52.6604565,20
10,10,31,6806.0,1,10,5,49.0929262,16
11,13,14,2543.0,7,13,13,56.786706,35
12,9,9,2768.0,3,9,9,41.273607299999995,19
13,6,8,4162.0,1,6,4,26.612042700000003,16
14,9,10,2914.0,1,9,6,40.5808294,21
15,9,15,7529.0,1,8,10,42.2619262,16
16,18,21,15937.0,4,14,20,78.6747924,42
17,24,200,119304.0,1,13,21,121.39476130000001,39
18,21,42,10185.0,13,6,18,92.23532880000002,29
19,4,6,1480.0,0,4,4,15.899693800000001,8
20,7,9,2418.0,2,7,5,30.116263900000003,23
21,8,8,4742.0,2,8,7,35.3217264,27
22,6,9,2890.0,0,5,1,27.2845837,8
23,1,1,241.0,0,1,1,4.5993247,1
0,3,4,9441.0,0,3,2,12.699971399999999,8
1,0,0,0.0,0,0,0,0.0,0
2,1,1,1114.0,0,1,1,3.888407,2
3,2,2,121.0,1,2,0,8.8870877,3
4,1,2,587.0,0,1,2,4.563347,1
5,5,6,7767.0,3,5,2,22.9741413,16
6,7,35,29371.0,2,7,7,31.343772100000002,14
7,3,5,2150.0,0,3,1,15.2866903,14
8,6,16,2586.0,0,6,3,26.6707501,13
9,4,17,27362.0,1,4,0,18.6674023,7
10,3,3,131.0,1,2,3,13.1463447,8
11,6,7,2361.0,2,6,7,32.6417206,16
12,51,78,26441.0,1,45,13,243.69581900000006,93
13,16,18,8074.0,1,16,13,69.51030650000001,33
14,12,20,2983.0,1,11,7,51.546451,19
15,15,225,59971.0,4,14,17,71.6375001,23
16,10,32,5688.0,0,10,4,45.0418227,28
17,17,30,8896.0,3,14,23,68.6329583,26
18,17,27,11287.0,1,13,15,73.5746545,30
19,6,7,2894.0,0,6,7,25.673590400000002,9
20,14,28,6264.0,2,13,5,63.637206299999995,37
21,5,6,729.0,1,5,3,21.820934,13
22,2,2,309.0,0,2,1,8.6886835,7
23,4,7,741.0,0,3,3,16.6439045,8
0,4,4,355.0,0,3,7,15.2342537,8
1,2,2,3800.0,0,2,3,11.2829528,4
2,2,3,382.0,0,2,0,8.880827,8
3,3,4,1828.0,1,3,3,16.4538166,6
4,2,4,99.0,0,2,1,9.660410800000001,9
5,5,10,7417.0,1,4,10,19.764795499999998,8
6,6,10,5876.0,1,6,6,30.6194535,14
7,9,16,7265.0,0,9,6,41.400288,24
8,22,32,8884.0,10,20,13,102.12358350000002,60
9,7,13,8797.0,1,7,4,31.1696763,12
10,5,11,21646.0,0,5,8,27.250871,14
11,14,18,91128.0,3,13,15,61.843400599999995,26
12,8,12,1450.0,3,8,3,38.478431799999996,20
13,7,10,1924.0,0,6,6,30.402840100000002,11
14,15,35,57225.0,3,14,11,68.6616148,35
15,11,21,10333.0,2,11,4,51.1855275,24
16,8,17,2628.0,2,7,22,34.5118396,13
17,14,19,6219.0,2,13,18,67.7159257,31
18,18,99,14676.0,3,17,13,77.21458359999998,34
19,5,7,612.0,0,5,5,21.882396,10
20,5,5,2685.0,1,5,3,21.704997,10
21,6,8,1379.0,1,5,9,26.004548900000003,15
22,1,1,71.0,0,1,0,4.5958185,1
23,0,0,0.0,0,0,0,0.0,0
0,2,2,621.0,0,2,3,8.4962058,9
1,0,0,0.0,0,0,0,0.0,0
2,3,50,2470.0,1,3,0,14.3219332,4
3,5,67,47919.0,1,5,3,24.473922400000003,9
4,4,5,806.0,0,4,10,17.1491876,12
5,3,4,1954.0,0,3,1,12.3884553,10
6,5,7,2338.0,2,5,5,19.901436,19
7,8,8,2517.0,1,8,2,34.02720610000001,12
8,15,25,8958.0,5,14,11,68.0669184,30
9,9,10,4044.0,1,9,10,37.855037,19
10,11,13,5787.0,2,11,10,49.2125412,30
11,10,10,3374.0,3,10,4,47.3412861,25
12,11,13,2407.0,1,11,4,54.8920153,27
13,6,7,2305.0,1,6,4,28.286829100000006,19
14,12,18,4352.0,2,11,10,59.1955968,33
15,10,38,9569.0,0,10,13,42.8591722,12
16,9,26,16635.0,3,9,9,45.3092188,15
17,36,55,15237.0,3,29,31,161.1223607,90
18,11,25,5935.0,1,10,10,54.6034873,26
19,12,15,4458.0,0,12,13,54.1448003,27
20,11,18,9638.0,0,11,16,45.8796744,22
21,7,9,2180.0,0,7,5,30.4601327,16
22,3,3,1702.0,0,3,4,12.035150600000001,7
23,5,16,617.0,2,5,4,21.2110673,20
0,1,1,11.0,0,1,1,3.9573958,1
1,0,0,0.0,0,0,0,0.0,0
2,2,2,242.0,0,2,0,11.618168,8
3,1,4,351.0,0,1,0,5.4122505,1
4,0,0,0.0,0,0,0,0.0,0
5,1,1,139.0,0,1,2,4.554595,2
6,5,5,6915.0,1,5,5,20.8058765,10
7,9,10,1551.0,2,9,7,38.8852829,21
8,11,14,3069.0,2,11,17,48.49897049999999,22
9,38,44,17585.0,4,30,18,178.54690230000003,102
10,29,32,8183.0,2,25,14,134.50287,87
11,28,31,11225.0,3,27,9,130.30441410000003,79
12,44,115,347781.0,1,43,47,198.70720279999998,86
13,20,21,4701.0,3,18,18,93.14189089999999,45
14,16,21,5261.0,1,15,15,67.9840122,23
15,19,24,14860.0,4,13,13,82.62767500000001,23
16,17,18,4377.0,1,16,6,75.777299,23
17,10,16,4040.0,3,10,3,44.7769239,20
18,10,16,4338.0,2,10,9,46.3498744,21
19,10,11,2745.0,1,10,7,40.9037133,32
20,12,17,6069.0,0,12,9,52.4650647,18
21,3,5,648.0,0,3,4,12.377910700000001,4
22,4,5,1427.0,0,4,1,17.8715458,5
23,1,1,335.0,1,1,1,7.417192,2
0,0,0,0.0,0,0,0,0.0,0
1,0,0,0.0,0,0,0,0.0,0
2,1,2,124.0,0,1,1,4.328635,3
3,5,11,724.0,2,5,7,21.773085299999998,16
4,9,10,6089.0,0,9,7,42.12807989999999,15
5,5,6,856.0,0,5,3,21.7875675,7
6,5,6,2756.0,1,5,2,22.943105399999997,9
7,4,4,7210.0,1,4,2,17.3708132,10
8,8,20,6388.0,2,8,11,37.1818009,14
9,12,13,6887.0,5,12,4,60.0463802,44
10,10,13,4607.0,2,10,5,44.563450700000004,29
11,21,86,340956.0,2,20,26,90.4794122,35
12,13,52,20718.0,1,13,16,62.02751320000001,19
13,15,66,9816.0,4,15,13,65.6141275,25
14,13,16,14889.0,4,13,5,57.3212439,30
15,14,19,3402.0,2,13,12,68.0571514,28
16,17,22,18441.0,1,16,15,71.38691109999999,35
17,15,48,35174.0,2,15,7,71.97957120000001,32
18,13,14,6545.0,3,13,14,56.80885219999999,20
19,12,16,4770.0,4,12,5,54.807151,22
20,4,4,276.0,2,4,2,16.9293875,10
21,0,0,0.0,0,0,0,0.0,0
22,0,0,0.0,0,0,0,0.0,0
23,0,0,0.0,0,0,0,0.0,0
0,0,0,0.0,0,0,0,0.0,0
1,1,1,22.0,1,1,0,3.9376595,3
2,0,0,0.0,0,0,0,0.0,0
3,0,0,0.0,0,0,0,0.0,0
4,1,1,1037.0,0,1,3,3.5985854,4
5,2,3,14422.0,2,1,2,8.469951,6
6,1,1,25.0,1,1,1,3.5103394999999997,4
7,2,3,1574.0,2,2,1,7.1903977999999995,8
8,0,0,0.0,0,0,0,0.0,0
9,3,4,448.0,0,3,4,16.076439999999998,9
10,1,1,234.0,0,1,1,3.786804,4
11,2,2,2421.0,0,2,1,8.0069974,8
12,1,2,949.0,0,1,0,4.8433722999999995,4
13,3,3,2642.0,1,3,7,11.0456366,9
14,2,2,92.0,2,2,1,8.0226904,9
15,0,0,0.0,0,0,0,0.0,0
16,2,3,1149.0,1,2,0,11.3439286,7
17,0,0,0.0,0,0,0,0.0,0
18,3,55,329369.0,0,3,5,15.019184599999999,11
19,3,4,1246.0,0,3,1,11.6162075,8
20,1,1,380.0,1,1,0,4.057996299999999,6
21,1,1,518.0,0,1,1,3.8894665,3
22,0,0,0.0,0,0,0,0.0,0
23,4,4,581.0,1,4,0,16.1863276,16
0,0,0,0.0,0,0,0,0.0,0
1,0,0,0.0,0,0,0,0.0,0
2,0,0,0.0,0,0,0,0.0,0
3,0,0,0.0,0,0,0,0.0,0
4,5,7,718.0,2,5,3,19.543127400000003,21
5,0,0,0.0,0,0,0,0.0,0
6,1,1,852.0,0,1,0,4.179309,2
7,8,8,6397.0,3,8,7,37.3060333,28
8,3,4,15328.0,2,3,0,12.1988296,10
9,5,14,29657.0,1,5,7,19.674091,15
10,7,7,3809.0,6,7,3,30.208189,26
11,5,6,15394.0,3,5,2,22.9644994,16
12,8,8,2454.0,5,8,3,32.7574134,26
13,7,7,4218.0,3,7,2,34.8241767,22
14,3,3,67538.0,1,3,1,17.57186,9
15,4,8,3506.0,1,4,3,16.0127443,13
16,4,5,1379.0,2,4,4,16.822794000000002,11
17,0,0,0.0,0,0,0,0.0,0
18,1,1,292.0,0,1,0,3.9616427000000005,5
19,1,1,28.0,1,1,0,3.779004,6
20,0,0,0.0,0,0,0,0.0,0
21,1,1,1034.0,1,1,2,6.572483500000001,3
22,1,1,173.0,1,1,0,4.057996299999999,4
23,1,2,523.0,0,1,0,4.9852,2
0,1,1,297.0,0,1,1,3.2043445,4
1,0,0,0.0,0,0,0,0.0,0
2,1,2,96.0,0,1,0,4.193687000000001,2
3,0,0,0.0,0,0,0,0.0,0
4,2,4,1349.0,0,2,1,9.13014,6
5,1,1,61.0,0,1,0,4.16134,2
6,1,1,129.0,0,1,1,3.8662483999999995,2
7,1,1,314.0,1,1,0,4.1739726,3
8,1,1,225.0,0,1,0,4.1955175,2
9,3,6,1564.0,1,3,1,11.522684799999999,13
10,3,3,258.0,1,3,6,11.8476684,11
11,2,41,329662.0,0,2,2,14.9717059,10
12,3,3,912.0,0,3,0,12.201796,12
13,1,1,124.0,0,1,0,4.146872,3
14,4,4,1957.0,1,4,3,14.5431622,14
15,3,3,335.0,2,3,0,12.1334363,9
16,11,11,5586.0,2,11,7,49.618499500000006,43
17,10,91,331047.0,2,10,7,44.7676747,37
18,11,14,2377.0,2,11,6,47.8679961,38
19,7,13,10902.0,0,7,2,32.382083699999995,23
20,5,5,1817.0,0,5,3,19.758847600000003,22
21,3,3,625.0,1,3,0,11.6790655,17
22,5,5,691.0,2,5,0,20.2562042,20
23,8,10,788.0,2,7,4,32.01568,36
0,6,7,1212.0,0,6,4,23.7384494,21
1,5,9,8583.0,2,5,1,27.210601800000003,19
2,6,7,10971.0,3,6,1,27.1343237,27
3,9,10,19507.0,1,9,3,35.344339500000004,30
4,21,24,10246.0,6,21,3,104.97946209999999,80
5,34,47,21456.0,9,34,20,149.16443099999998,108
6,49,55,19690.0,8,47,17,213.6390992,161
7,49,58,46668.0,11,47,18,205.0379257,185
8,38,49,34147.0,13,37,17,161.20856569999995,135
9,45,60,32408.0,16,45,17,200.68679299999994,165
10,366,485,424589.0,57,358,158,1661.1077484999996,950
11,414,534,1067821.0,69,398,193,1910.5734386000006,988
12,584,848,906435.0,101,549,291,2683.702920799997,1412
13,710,1023,1133684.0,128,680,327,3299.601419699993,1727
14,1280,1558,1651976.0,239,1187,424,5990.736482799999,2955
15,3434,4827,4632086.0,518,3038,831,16531.471953399938,7603
16,3791,4800,4205521.0,342,3152,789,17928.028210899854,8135
17,1681,2017,1254446.0,195,1483,511,7864.767841899999,3895
18,3063,3577,3521060.0,125,2326,573,14878.859274899929,6409
19,3319,3958,4149203.0,257,3067,677,15639.864311099987,7163
20,214,550,187581.0,55,198,129,973.9922044,522
21,67,519,46266.0,12,64,44,320.9961229,160
22,64,100,33026.0,14,56,18,297.5714729,147
23,77,227,84112.0,14,74,28,337.9185204,172
0,41,60,34138.0,7,38,14,193.2387794,96
1,33,51,11510.0,11,25,12,143.47632449999998,71
2,32,40,13599.0,11,22,7,144.04278430000002,85
3,38,50,23500.0,9,37,16,188.79597220000002,80
4,39,59,41460.0,7,35,25,179.86167509999999,85
5,41,52,48326.0,11,38,23,187.06834750000002,103
6,42,167,34963.0,10,38,21,198.71746040000002,122
7,35,43,34845.0,13,31,17,155.95122270000005,113
8,38,45,28769.0,19,33,13,184.98283519999998,103
9,38,124,12652.0,10,37,22,175.0050499,96
10,26,78,56871.0,8,25,6,125.98887549999999,66
11,7,11,3309.0,2,7,8,30.1011062,28
12,10,10,1785.0,3,9,0,39.2784517,39
13,7,9,5295.0,0,6,1,29.578784100000004,25
14,2,3,149.0,1,2,1,8.4391944,8
15,2,2,254.0,1,2,1,7.6377029,9
16,4,5,707.0,1,4,0,16.6444564,19
17,4,6,424.0,2,4,1,16.048194600000002,18
18,1,1,1348.0,1,1,0,3.8592696,2
19,1,1,3.0,0,1,0,4.0209036,2
20,1,1,4.0,0,1,0,4.1087966,2
21,1,1,841.0,1,1,0,6.9408092,9
22,2,2,1864.0,0,2,0,8.369418,5
23,0,0,0.0,0,0,0,0.0,0
0,0,0,0.0,0,0,0,0.0,0
1,0,0,0.0,0,0,0,0.0,0
2,1,1,1104.0,1,1,1,4.0772605,3
3,0,0,0.0,0,0,0,0.0,0
4,0,0,0.0,0,0,0,0.0,0
5,1,1,147.0,1,1,0,4.0772605,4
6,1,1,730.0,1,1,0,4.1226788,2
7,1,1,287.0,1,1,0,4.184709,2
8,0,0,0.0,0,0,0,0.0,0
9,0,0,0.0,0,0,0,0.0,0
10,1,1,428.0,1,1,0,3.7412417000000002,9
11,1,1,1348.0,1,1,0,3.859119,2
12,0,0,0.0,0,0,0,0.0,0
13,1,1,412.0,1,1,1,4.1129866,2
14,0,0,0.0,0,0,0,0.0,0
15,0,0,0.0,0,0,0,0.0,0
16,0,0,0.0,0,0,0,0.0,0
17,2,2,127.0,0,2,3,8.187053200000001,5
18,2,3,170.0,2,2,0,7.7040978,10
19,0,0,0.0,0,0,0,0.0,0
20,0,0,0.0,0,0,0,0.0,0
21,0,0,0.0,0,0,0,0.0,0
22,0,0,0.0,0,0,0,0.0,0
23,0,0,0.0,0,0,0,0.0,0
0,2,2,626.0,2,1,0,8.227618,7
1,1,1,1334.0,1,1,1,3.7529760000000003,4
2,0,0,0.0,0,0,0,0.0,0
3,0,0,0.0,0,0,0,0.0,0
4,1,2,1133.0,0,1,0,4.280962000000001,2
5,0,0,0.0,0,0,0,0.0,0
6,1,1,2458.0,0,1,2,6.972127400000001,5
7,0,0,0.0,0,0,0,0.0,0
8,2,2,610.0,0,2,1,7.7219745,10
9,1,1,194.0,0,1,0,3.787229,3
10,1,1,71.0,0,1,0,3.9075142999999994,2
11,0,0,0.0,0,0,0,0.0,0
12,2,2,858.0,0,2,0,7.960712600000001,5
13,0,0,0.0,0,0,0,0.0,0
14,0,0,0.0,0,0,0,0.0,0
15,0,0,0.0,0,0,0,0.0,0
16,1,1,24.0,0,1,0,4.11302,2
17,0,0,0.0,0,0,0,0.0,0
18,0,0,0.0,0,0,0,0.0,0
19,0,0,0.0,0,0,0,0.0,0
20,0,0,0.0,0,0,0,0.0,0
21,0,0,0.0,0,0,0,0.0,0
22,0,0,0.0,0,0,0,0.0,0
23,0,0,0.0,0,0,0,0.0,0
0,0,0,0.0,0,0,0,0.0,0
1,0,0,0.0,0,0,0,0.0,0
2,0,0,0.0,0,0,0,0.0,0
3,0,0,0.0,0,0,0,0.0,0
4,0,0,0.0,0,0,0,0.0,0
5,0,0,0.0,0,0,0,0.0,0
6,0,0,0.0,0,0,0,0.0,0
7,0,0,0.0,0,0,0,0.0,0
8,0,0,0.0,0,0,0,0.0,0
9,0,0,0.0,0,0,0,0.0,0
10,0,0,0.0,0,0,0,0.0,0
11,0,0,0.0,0,0,0,0.0,0
12,0,0,0.0,0,0,0,0.0,0
13,1,1,3459.0,1,1,1,3.7529760000000003,6
14,0,0,0.0,0,0,0,0.0,0
15,0,0,0.0,0,0,0,0.0,0
16,0,0,0.0,0,0,0,0.0,0
17,0,0,0.0,0,0,0,0.0,0
18,0,0,0.0,0,0,0,0.0,0
19,0,0,0.0,0,0,0,0.0,0
20,0,0,0.0,0,0,0,0.0,0
21,0,0,0.0,0,0,0,0.0,0
22,0,0,0.0,0,0,0,0.0,0
23,0,0,0.0,0,0,0,0.0,0
0,0,0,0.0,0,0,0,0.0,0
1,0,0,0.0,0,0,0,0.0,0
2,0,0,0.0,0,0,0,0.0,0
3,0,0,0.0,0,0,0,0.0,0
4,0,0,0.0,0,0,0,0.0,0
5,1,1,854.0,0,1,0,3.8574947999999996,3
6,0,0,0.0,0,0,0,0.0,0
7,0,0,0.0,0,0,0,0.0,0
8,0,0,0.0,0,0,0,0.0,0
9,0,0,0.0,0,0,0,0.0,0
10,0,0,0.0,0,0,0,0.0,0
11,0,0,0.0,0,0,0,0.0,0
12,0,0,0.0,0,0,0,0.0,0
13,0,0,0.0,0,0,0,0.0,0
14,0,0,0.0,0,0,0,0.0,0
15,0,0,0.0,0,0,0,0.0,0
16,0,0,0.0,0,0,0,0.0,0
17,0,0,0.0,0,0,0,0.0,0
18,0,0,0.0,0,0,0,0.0,0
19,0,0,0.0,0,0,0,0.0,0
20,0,0,0.0,0,0,0,0.0,0
21,0,0,0.0,0,0,0,0.0,0
22,0,0,0.0,0,0,0,0.0,0
23,1,1,0.0,0,1,0,4.184327,2
