tweet,date,time,followers,retweets,urls,authors,mentions,ranking score,hashtags
1,20150125,14,703.0,1,1,1,2,3.700167,0
1,20150125,14,795.0,1,0,1,1,6.562738,0
1,20150125,14,2041.0,1,0,1,0,3.9180303,0
1,20150125,14,4641.0,6,1,1,0,3.8384671,0
1,20150125,14,52.0,2,0,1,0,4.363077,0
1,20150125,14,66.0,1,1,1,0,4.3370976,0
1,20150125,14,66.0,1,1,0,0,4.112848,0
1,20150125,14,9141.0,9,1,1,1,7.3394265,0
1,20150125,14,694.0,1,0,1,1,4.2040515,0
1,20150125,14,784.0,1,1,1,0,4.211914,0
1,20150125,14,14.0,1,0,1,0,3.8540885,0
1,20150125,14,70.0,1,1,1,0,3.8988562,0
1,20150125,14,2516.0,1,1,1,0,4.089815,0
1,20150125,14,115.0,1,1,1,0,4.183726,0
1,20150125,14,204.0,1,1,1,0,3.9353147,0
1,20150125,14,5155.0,3,1,1,0,5.0970063,0
1,20150125,14,478.0,1,1,1,0,7.0988984,0
1,20150125,14,3.0,1,0,1,0,4.314184,0
1,20150125,14,30.0,2,0,1,0,4.6512804,0
1,20150125,14,542.0,1,0,1,0,4.1166058,0
1,20150125,14,90.0,1,0,1,1,4.335199,0
1,20150125,14,247.0,1,0,1,0,4.209607,0
1,20150125,14,141.0,1,0,1,0,4.3386436,0
1,20150125,14,199.0,8,0,1,1,5.028902,0
1,20150125,14,154838.0,3,1,1,1,8.061787,0
1,20150125,14,792.0,1,0,1,0,4.314184,0
1,20150125,14,162.0,1,1,1,1,4.0250263,0
1,20150125,14,728.0,1,0,1,1,4.232098,0
1,20150125,14,4539.0,3,0,1,0,7.642971,0
1,20150125,14,146.0,1,0,1,0,4.0425196,0
1,20150125,14,997.0,1,1,1,1,7.190291,0
1,20150125,14,194.0,1,0,1,1,3.6995003,0
1,20150125,14,48.0,1,0,1,0,4.07849,0
1,20150125,14,339.0,2,1,1,1,4.0058503,0
1,20150125,14,177.0,1,0,1,3,4.164207,0
1,20150125,14,3935.0,3,1,1,0,5.242921,0
1,20150125,14,154838.0,3,1,0,1,8.137755,0
1,20150125,14,189.0,1,1,1,1,4.1245093,0
1,20150125,14,10073.0,3,0,1,0,7.77036,0
1,20150125,14,9692.0,7,0,1,0,5.378001,0
1,20150125,14,216.0,1,0,1,1,3.9671395,0
1,20150125,14,111.0,1,0,1,2,3.6010504,0
1,20150125,14,50573.0,4,1,1,0,7.6845255,0
1,20150125,14,402.0,1,0,1,1,4.3386436,0
1,20150125,14,6734.0,2,0,1,1,6.998712,0
1,20150125,14,3805.0,1,0,1,1,6.9709578,0
1,20150125,14,137.0,1,0,1,0,4.2814918,0
1,20150125,14,41.0,1,1,1,0,4.047205,0
1,20150125,14,748.0,4,0,1,0,4.8304615,0
1,20150125,14,4539.0,4,0,0,0,7.6375723,0
1,20150125,14,11153.0,3,0,1,0,7.547897,0
1,20150125,14,121250.0,14,0,1,0,8.310789,0
1,20150125,14,64.0,1,1,1,1,4.6998796,0
1,20150125,14,200.0,1,2,1,0,4.0689087,0
1,20150125,14,201.0,1,2,0,0,3.7300613,0
1,20150125,14,435.0,2,0,1,1,5.0336347,0
1,20150125,14,35168.0,2,1,1,0,7.8854513,0
1,20150125,14,1833.0,1,0,1,0,4.021622,0
1,20150125,14,1763.0,1,1,1,1,4.2221327,0
1,20150125,14,48.0,1,0,1,1,4.3308163,0
1,20150125,14,26.0,1,0,1,1,3.3591802,0
1,20150125,14,215.0,1,1,1,0,4.0936756,0
1,20150125,14,703.0,2,1,1,0,4.713134,0
1,20150125,14,9.0,1,1,1,0,4.320669,0
1,20150125,14,4355.0,1,1,1,0,4.321475,0
1,20150125,14,357.0,1,1,1,0,3.9556603,0
1,20150125,14,3993.0,3,0,1,0,7.567988,0
1,20150125,14,9141.0,16,0,0,0,7.252598,0
1,20150125,14,178.0,1,0,1,1,4.172592,0
1,20150125,14,47.0,1,0,1,0,4.336205,0
1,20150125,14,84.0,31,0,1,1,5.0484443,0
1,20150125,14,9141.0,7,0,0,0,7.3448133,0
1,20150125,14,26.0,1,0,1,3,4.137418,0
1,20150125,14,12.0,1,0,1,0,3.9084969,0
1,20150125,14,60.0,1,1,1,0,4.1125226,0
1,20150125,14,7604.0,1,1,1,0,3.9634767,0
1,20150125,14,11.0,1,0,1,1,4.1515837,0
1,20150125,14,99.0,2,0,1,0,4.102863,0
1,20150125,14,29897.0,40,0,1,0,7.503065,0
1,20150125,14,9141.0,24,0,0,0,7.7119117,0
1,20150125,14,154838.0,3,1,0,0,8.369977,0
1,20150125,14,7332.0,7,0,1,0,7.5470333,0
1,20150125,14,3497.0,1,0,1,1,4.0162396,0
1,20150125,14,9841.0,8,0,1,1,7.534034,0
1,20150125,14,2481.0,1,0,1,0,4.321475,0
1,20150125,14,11153.0,17,0,0,0,7.9041543,0
1,20150125,14,252.0,2,1,1,0,4.305879,0
1,20150125,14,39513.0,2,0,1,0,3.826253,0
1,20150125,14,10.0,1,1,1,0,4.336205,0
1,20150125,14,37.0,1,1,1,0,3.8618562,0
1,20150125,14,37.0,1,1,0,0,3.7986786,0
1,20150125,14,993.0,4,1,1,1,7.4269695,0
1,20150125,14,782.0,1,1,0,0,3.843599,0
1,20150125,14,7035.0,1,0,1,0,3.6987083,0
1,20150125,14,953.0,1,0,1,1,6.9743185,0
1,20150125,14,97.0,1,0,1,3,3.7618818,0
1,20150125,14,851.0,1,1,1,0,4.330894,0
1,20150125,14,4539.0,8,0,0,0,7.5087543,0
1,20150125,14,50573.0,12,1,0,0,7.4916625,0
1,20150125,14,772.0,1,1,1,0,4.1214724,0
1,20150125,14,1076.0,1,1,1,0,7.1828947,0
1,20150125,14,5.0,1,0,1,1,3.6847703,0
1,20150125,14,566.0,3,0,1,5,3.2592678,0
1,20150125,14,188.0,1,0,1,0,4.3308163,0
1,20150125,14,2978.0,9,0,1,2,7.41168,0
1,20150125,14,11475.0,3,1,1,0,3.4882612,0
1,20150125,14,11475.0,3,1,0,0,3.4145708,0
1,20150125,14,3497.0,1,0,0,1,4.2972636,0
1,20150125,14,123.0,1,1,1,1,3.6936173,0
1,20150125,14,1500.0,1,0,1,0,7.4911594,0
1,20150125,14,3728.0,1,0,1,2,4.0573525,0
1,20150125,14,1457.0,1,1,1,0,7.67881,0
1,20150125,14,1457.0,1,1,0,0,7.67881,0
1,20150125,14,115.0,1,1,0,0,4.1969943,0
1,20150125,14,15.0,1,0,1,1,4.1486087,0
1,20150125,14,540.0,1,1,1,0,4.24303,0
1,20150125,14,621.0,1,1,1,1,4.314184,0
1,20150125,14,9841.0,1,0,0,0,7.5439653,0
1,20150125,14,296.0,1,0,1,0,4.019799,0
1,20150125,14,3728.0,3,1,0,0,4.6439743,0
1,20150125,14,154838.0,4,1,0,1,8.052445,0
1,20150125,14,7062.0,1,0,1,0,3.9243832,0
1,20150125,14,26.0,1,0,1,0,4.0881205,0
1,20150125,14,113156.0,3,1,1,0,8.101867,0
1,20150125,14,69.0,1,1,1,0,4.225537,0
1,20150125,14,3497.0,2,0,0,2,4.921172,0
1,20150125,14,3805.0,1,0,0,2,7.225021,0
1,20150125,14,17767.0,5,0,1,1,7.797276,0
1,20150125,14,810.0,1,0,1,1,6.8029046,0
1,20150125,14,2692.0,1,1,1,0,4.335199,0
1,20150125,14,317.0,1,0,1,1,3.6360917,0
1,20150125,14,39513.0,48,0,0,1,5.185754,0
1,20150125,14,2292.0,1,0,1,1,4.2602377,0
1,20150125,14,50573.0,3,1,0,0,7.562835,0
1,20150125,14,810.0,1,0,0,2,7.0093417,0
1,20150125,14,37465.0,1,0,1,0,7.632929,0
1,20150125,14,34.0,1,0,1,0,4.026838,0
1,20150125,14,501.0,4,0,1,2,4.014478,0
1,20150125,14,300.0,1,1,1,0,7.401396,0
1,20150125,14,228.0,1,1,1,0,3.9316208,0
1,20150125,14,1618.0,3,0,1,1,4.638195,0
1,20150125,14,222.0,1,1,1,0,3.9282575,0
1,20150125,14,75.0,1,0,1,1,3.4545283,0
1,20150125,14,277.0,1,1,1,0,3.9379022,0
1,20150125,14,296.0,1,0,1,0,4.33451,0
1,20150125,14,1621.0,1,1,1,1,3.9634767,0
1,20150125,14,52374.0,1,0,1,1,4.169128,0
1,20150125,14,39513.0,5,0,0,1,3.8388326,0
1,20150125,14,29897.0,165,0,0,0,7.557613,0
1,20150125,14,1125.0,2,0,1,0,4.3345957,0
1,20150125,14,154838.0,2,1,0,0,7.7915697,0
1,20150125,14,748.0,2,0,0,0,4.8659034,0
1,20150125,14,66.0,2,1,1,0,4.9957776,0
1,20150125,14,244.0,1,0,1,2,3.9431772,0
1,20150125,14,621.0,1,2,0,1,4.1125226,0
1,20150125,14,2481.0,1,0,0,0,3.989358,0
1,20150125,14,42.0,1,0,1,1,4.0299473,0
1,20150125,14,109.0,1,0,1,0,4.2221327,0
1,20150125,14,391.0,1,0,1,0,4.3423724,0
1,20150125,14,748.0,1,0,1,0,4.2648616,0
1,20150125,14,748.0,4,1,0,0,5.087025,0
1,20150125,14,952.0,2,1,1,0,5.042643,0
1,20150125,14,1107.0,2,1,1,0,5.081385,0
1,20150125,14,1495.0,1,0,1,0,4.3370976,0
1,20150125,14,109.0,1,0,0,1,4.225537,0
1,20150125,14,1598.0,1,1,1,0,3.94087,0
1,20150125,14,748.0,2,0,0,0,4.146709,0
1,20150125,14,19452.0,12,0,1,0,7.170874,0
1,20150125,14,9841.0,8,0,0,0,7.6155086,0
1,20150125,14,233.0,1,1,1,0,4.0387907,0
1,20150125,14,233.0,1,1,0,0,3.830781,0
1,20150125,14,233.0,1,1,0,0,3.6980207,0
1,20150125,14,764.0,2,1,1,0,6.9944887,0
1,20150125,14,258.0,1,0,1,0,3.9958851,0
1,20150125,14,2978.0,10,0,0,3,7.333671,0
1,20150125,14,5.0,1,0,1,0,4.1779714,0
1,20150125,14,62.0,1,1,1,1,3.9088216,0
1,20150125,14,6.0,1,0,1,3,4.1028824,0
1,20150125,14,1639.0,1,0,1,3,4.0974994,0
1,20150125,14,4539.0,9,0,0,0,7.498789,0
1,20150125,14,50.0,1,0,1,0,4.2221327,0
1,20150125,14,2571.0,2,1,1,0,3.7940786,0
1,20150125,14,7604.0,1,1,0,0,4.063615,0
1,20150125,14,9692.0,2,0,0,0,5.0841503,0
1,20150125,14,346.0,1,1,1,0,3.9462419,0
1,20150125,14,621.0,1,1,0,0,4.3010216,0
1,20150125,14,16753.0,1,1,1,0,3.9071813,0
1,20150125,14,1219.0,1,0,1,1,4.199342,0
1,20150125,14,57.0,1,0,1,0,4.320669,0
1,20150125,14,782.0,1,1,0,0,3.586068,0
1,20150125,14,7436.0,4,0,1,1,5.155086,0
1,20150125,14,9841.0,14,0,0,0,7.572167,0
1,20150125,14,2853.0,1,1,1,0,4.1125226,0
1,20150125,14,15.0,1,1,1,0,4.2006574,0
1,20150125,14,358244.0,9,1,1,1,8.084973,0
1,20150125,14,29897.0,58,0,0,0,7.53832,0
1,20150125,14,784.0,1,1,0,0,4.267241,0
1,20150125,14,66.0,1,1,0,0,4.095591,0
1,20150125,14,2547.0,2,1,1,1,4.1200504,0
1,20150125,14,829.0,1,0,1,0,3.80554,0
1,20150125,14,314.0,1,0,1,1,3.6978052,0
1,20150125,14,7332.0,1,0,0,0,7.462964,0
1,20150125,14,113156.0,6,1,0,0,8.038631,0
1,20150125,14,449.0,1,1,1,0,4.3386436,0
1,20150125,14,5523.0,1,1,1,0,4.3314404,0
1,20150125,14,724.0,1,0,1,1,4.3274527,0
1,20150125,14,9696.0,6,0,0,0,4.7371225,0
1,20150125,14,1178.0,3,0,1,0,4.2755046,0
1,20150125,14,1402.0,2,0,1,0,3.168595,0
1,20150125,14,1895.0,2,1,1,2,7.2996645,0
1,20150125,14,412.0,1,1,1,0,4.280402,0
1,20150125,14,993.0,1,0,0,0,7.408539,0
1,20150125,14,29897.0,387,0,0,0,8.379028,0
1,20150125,14,413.0,1,1,1,0,4.3314404,0
1,20150125,14,11153.0,7,0,0,0,7.8052835,0
1,20150125,14,44661.0,1,1,1,0,7.5638328,0
1,20150125,14,29.0,1,0,1,0,4.1930256,0
1,20150125,14,201.0,1,2,0,0,3.9528556,0
1,20150125,14,4169.0,1,0,1,0,7.459824,0
1,20150125,14,5852.0,3,1,1,1,6.953328,0
1,20150125,14,9692.0,6,0,0,0,4.1801333,0
1,20150125,14,3799.0,1,0,1,1,3.904745,0
1,20150125,14,113.0,1,0,1,1,3.813555,0
1,20150125,14,946.0,1,0,1,1,3.9033706,0
1,20150125,14,21.0,1,1,1,0,4.3311157,0
1,20150125,14,836.0,1,0,1,1,3.694411,0
1,20150125,14,1125.0,1,0,1,1,3.9297595,0
1,20150125,14,813.0,1,1,1,1,3.908525,0
1,20150125,14,496.0,1,0,1,1,7.066951,0
1,20150125,14,329.0,1,0,1,0,4.324879,0
1,20150125,14,598.0,1,1,1,0,3.8264706,0
1,20150125,14,1140.0,1,1,1,0,7.301591,0
1,20150125,14,5203.0,1,1,1,0,7.2433763,0
1,20150125,14,2550.0,1,1,1,0,7.207727,0
1,20150125,14,2908.0,1,1,1,0,7.195134,0
1,20150125,14,944.0,1,1,1,0,7.1777167,0
1,20150125,14,1806.0,2,1,1,0,4.8372345,0
1,20150125,14,1086.0,2,1,1,0,4.7872043,0
1,20150125,14,2264.0,1,1,1,0,4.0387907,0
1,20150125,14,55.0,1,1,1,0,4.037226,0
1,20150125,14,795.0,1,1,1,0,4.036352,0
1,20150125,14,1599.0,1,1,1,0,4.036352,0
1,20150125,14,1885.0,1,1,1,0,4.035346,0
1,20150125,14,1180.0,1,1,1,0,4.031263,0
1,20150125,14,437.0,2,0,1,0,3.9523501,0
1,20150125,14,1332.0,1,0,1,0,3.8197362,0
1,20150125,14,722.0,1,0,1,0,4.0387907,0
1,20150125,14,465.0,2,0,1,1,4.125929,0
1,20150125,14,39513.0,30,0,0,1,4.9686475,0
1,20150125,14,75.0,1,0,1,0,4.330894,0
1,20150125,14,43.0,1,0,1,1,4.3020277,0
1,20150125,14,746.0,1,0,1,1,3.9545608,0
1,20150125,14,9141.0,128,0,0,0,7.560013,0
1,20150125,14,747.0,1,1,1,0,7.5138083,0
1,20150125,14,482.0,1,0,1,1,3.295076,0
1,20150125,14,525.0,2,0,1,1,3.883106,0
1,20150125,14,301.0,2,0,1,2,3.8462403,0
1,20150125,14,334.0,1,0,1,1,3.4947355,0
1,20150125,14,194.0,1,1,1,0,3.9804087,0
1,20150125,14,9841.0,13,0,0,0,7.588048,0
1,20150125,14,48.0,1,1,0,0,4.3308163,0
1,20150125,14,195.0,1,0,1,0,3.9118907,0
1,20150125,14,1674.0,1,1,1,0,3.66083,0
1,20150125,14,407.0,1,2,1,0,4.102076,0
1,20150125,14,154838.0,20,0,0,0,8.06241,0
1,20150125,14,13.0,1,0,1,0,4.291879,0
1,20150125,14,18648.0,16,0,1,0,5.104064,0
1,20150125,14,199.0,1,0,1,0,4.190211,0
1,20150125,14,564.0,1,0,1,2,3.2025878,0
1,20150125,14,722.0,1,1,0,0,4.4037557,0
1,20150125,14,2517.0,1,1,0,0,3.7759016,0
1,20150125,14,9692.0,11,0,0,0,4.812267,0
1,20150125,14,104.0,1,1,1,0,4.089981,0
1,20150125,14,38567.0,9,0,1,0,7.4451184,0
1,20150125,14,290.0,1,1,1,1,6.4447083,0
1,20150125,14,591.0,1,0,1,1,3.2838476,0
1,20150125,14,883.0,1,0,1,0,3.9896705,0
1,20150125,14,48.0,1,0,1,0,4.285619,0
1,20150125,14,1535.0,3,0,1,1,4.271552,0
1,20150125,14,154838.0,12,1,0,0,7.9861846,0
1,20150125,14,260.0,1,0,1,0,4.3376226,0
1,20150125,14,20.0,1,0,1,0,4.169128,0
1,20150125,14,795.0,1,0,0,1,6.5280795,0
1,20150125,14,5316.0,3,1,1,0,5.100948,0
1,20150125,14,441.0,8,0,1,0,4.9638233,0
1,20150125,14,121250.0,10,1,0,0,7.858944,0
1,20150125,14,106.0,1,0,1,1,4.1500306,0
1,20150125,14,38567.0,6,0,0,0,7.5690446,0
1,20150125,14,2978.0,8,0,0,2,7.3471255,0
1,20150125,14,6578.0,2,0,1,1,4.6867533,0
1,20150125,14,1420.0,3,0,1,1,3.3063557,0
1,20150125,14,154838.0,6,1,0,0,8.152779,0
1,20150125,14,2481.0,9,0,0,0,4.7034106,0
1,20150125,14,438.0,1,0,1,1,3.2395914,0
1,20150125,14,622.0,3,0,1,0,3.7148736,0
1,20150125,14,188.0,1,0,1,2,3.7473521,0
1,20150125,14,783.0,2,1,1,0,4.291374,0
1,20150125,14,160.0,1,0,1,1,6.497158,0
1,20150125,14,9841.0,6,0,0,0,7.0000744,0
1,20150125,14,37465.0,3,0,0,0,7.598752,0
1,20150125,14,52374.0,1,0,0,1,4.1414056,0
1,20150125,14,4539.0,8,0,0,0,7.319261,0
1,20150125,14,39513.0,12,0,0,0,4.7741427,0
1,20150125,14,4670.0,1,1,1,0,3.8134997,0
1,20150125,14,231.0,2,1,1,0,5.1006165,0
1,20150125,14,1360.0,2,1,1,0,7.5384073,0
1,20150125,14,784.0,1,2,0,0,4.1088595,0
1,20150125,14,50.0,1,1,1,1,3.7009177,0
1,20150125,14,6096.0,11,1,1,0,7.859785,0
1,20150125,14,136.0,1,0,1,0,4.1930256,0
1,20150125,14,312.0,1,0,1,1,3.6930954,0
1,20150125,14,38.0,1,0,1,0,4.2814918,0
1,20150125,14,45.0,1,0,1,1,3.8373966,0
1,20150125,14,1129.0,1,1,1,0,4.221327,0
1,20150125,14,566.0,1,0,0,1,3.4196315,0
1,20150125,14,353.0,1,0,1,0,3.708821,0
1,20150125,14,353.0,1,0,0,0,3.6802561,0
1,20150125,14,813.0,1,0,0,2,3.9844913,0
1,20150125,14,772.0,1,1,0,0,4.061046,0
1,20150125,14,17767.0,22,0,0,0,7.923452,0
1,20150125,14,355.0,1,0,1,0,4.3314404,0
1,20150125,14,41.0,1,0,1,0,3.9945729,0
1,20150125,14,291.0,3,0,1,0,4.74245,0
1,20150125,14,621.0,1,1,0,0,4.3034453,0
1,20150125,14,441.0,1,0,0,1,4.0058503,0
1,20150125,14,123.0,1,1,1,0,4.268936,0
1,20150125,14,3728.0,9,1,0,0,4.8136024,0
1,20150125,14,784.0,1,1,0,0,4.1200504,0
1,20150125,14,784.0,1,1,0,0,4.0377693,0
1,20150125,14,145.0,2,0,1,0,4.77536,0
1,20150125,14,7262.0,6,1,1,1,7.292475,0
1,20150125,14,118.0,1,0,1,0,4.170144,0
1,20150125,14,230.0,1,0,1,1,3.3232281,0
1,20150125,14,2978.0,14,0,0,1,7.620255,0
1,20150125,14,89.0,1,0,1,0,4.3400655,0
1,20150125,14,115.0,1,1,0,0,4.047205,0
1,20150125,14,115.0,1,1,0,0,4.3274527,0
1,20150125,14,115.0,1,1,0,0,4.3044667,0
1,20150125,14,293.0,2,1,1,1,7.5156655,0
1,20150125,14,89.0,2,0,1,2,3.889893,0
1,20150125,14,196.0,1,0,1,1,3.3270051,0
1,20150125,14,214.0,1,1,1,0,4.2944255,0
1,20150125,14,166.0,1,0,1,0,4.3311443,0
1,20150125,14,770.0,1,1,0,0,3.8295462,0
1,20150125,14,15965.0,1,1,1,1,7.3770275,0
1,20150125,14,564.0,1,0,1,0,4.2756963,0
1,20150125,14,815.0,1,1,1,0,4.320669,0
1,20150125,14,215.0,1,1,1,0,4.1408587,0
1,20150125,14,50.0,2,0,1,0,3.511868,0
1,20150125,14,154838.0,10,0,0,0,8.327288,0
1,20150125,14,499.0,1,0,1,0,4.0666013,0
1,20150125,14,129.0,2,0,1,0,4.556432,0
1,20150125,14,34.0,1,0,1,0,4.246672,0
1,20150125,14,4169.0,17,0,0,0,7.2796884,0
1,20150125,14,574.0,1,1,1,0,4.3400655,0
1,20150125,14,499.0,1,0,0,0,4.2469153,0
1,20150125,14,145.0,1,0,0,0,3.2949162,0
1,20150125,14,90.0,1,0,1,2,4.314184,0
1,20150125,14,33.0,1,1,1,0,3.974172,0
1,20150125,14,616.0,1,0,1,0,4.3308163,0
1,20150125,14,305.0,4,1,1,0,4.945689,0
1,20150125,14,7336.0,1,1,1,0,3.9322453,0
1,20150125,14,953.0,1,0,0,1,7.638963,0
1,20150125,14,437.0,3,0,0,0,4.0456553,0
1,20150125,14,452.0,2,1,1,0,4.785139,0
1,20150125,14,931.0,3,1,1,0,4.703346,0
1,20150125,14,9141.0,9,0,0,0,7.685882,0
1,20150125,14,287.0,1,0,1,0,4.17695,0
1,20150125,14,699.0,1,1,1,0,7.341476,0
1,20150125,14,403.0,1,1,1,0,4.0276,0
1,20150125,14,849.0,1,0,1,0,4.3400655,0
1,20150125,14,1462.0,1,1,1,0,3.9125798,0
1,20150125,14,84.0,2,1,1,0,5.112482,0
1,20150125,14,26.0,3,1,1,1,4.60384,0
1,20150125,14,369.0,1,0,1,1,3.2958372,0
1,20150125,14,382.0,1,1,1,0,4.1738377,0
1,20150125,14,45.0,1,0,1,1,3.3526535,0
1,20150125,14,154838.0,3,1,0,0,8.040034,0
1,20150125,14,109.0,1,1,1,1,3.9218905,0
1,20150125,14,2842.0,4,0,1,0,4.65818,0
1,20150125,14,754.0,1,0,1,1,3.8965008,0
1,20150125,14,371.0,1,1,1,1,4.118486,0
1,20150125,14,5027.0,12,0,1,0,6.655881,0
1,20150125,14,173.0,1,0,1,1,4.267241,0
1,20150125,14,467.0,1,0,1,0,4.336205,0
1,20150125,14,2853.0,1,1,0,0,4.1125226,0
1,20150125,14,12.0,1,0,1,2,4.2358565,0
1,20150125,14,5.0,1,0,1,2,3.6538396,0
1,20150125,14,213.0,1,0,1,0,4.2814918,0
1,20150125,14,51.0,1,0,1,1,4.078897,0
1,20150125,14,50.0,1,1,1,1,3.8399122,0
1,20150125,14,43.0,1,1,1,0,4.1414056,0
1,20150125,14,0.0,1,0,1,0,4.2932634,0
1,20150125,14,9841.0,10,0,0,0,8.458367,0
1,20150125,14,51.0,1,0,1,0,4.2771487,0
1,20150125,14,37.0,1,2,0,0,3.9623892,0
1,20150125,14,57.0,1,1,1,0,4.254206,0
1,20150125,14,9141.0,4,0,0,1,7.421883,0
1,20150125,14,266.0,1,1,1,1,3.9460013,0
1,20150125,14,93.0,1,0,1,0,3.9844913,0
1,20150125,14,437.0,1,0,0,0,3.9672153,0
1,20150125,14,324.0,1,0,1,1,4.0841427,0
1,20150125,14,113.0,1,1,1,0,3.9082747,0
1,20150125,14,1971.0,2,1,1,0,4.042575,0
1,20150125,14,2978.0,1,0,0,1,7.512591,0
1,20150125,14,71.0,1,0,1,0,4.0884833,0
1,20150125,14,9141.0,2,0,0,1,7.205316,0
1,20150125,14,299.0,2,0,1,3,4.1690207,0
1,20150125,14,351.0,1,0,1,0,4.3311157,0
1,20150125,14,135.0,1,0,1,0,4.330894,0
1,20150125,14,329.0,2,0,0,0,4.920613,0
1,20150125,14,1348.0,2,0,1,0,4.737903,0
1,20150125,14,10746.0,2,0,1,1,7.057142,0
1,20150125,14,4864.0,5,0,1,0,7.290211,0
1,20150125,14,484.0,3,0,1,0,4.316581,0
1,20150125,14,299.0,5,0,0,3,5.0082307,0
1,20150125,14,813.0,1,0,0,1,3.9562075,0
1,20150125,14,223.0,1,0,1,2,4.102076,0
1,20150125,14,3030.0,3,0,1,1,7.4280066,0
1,20150125,15,253.0,1,1,1,1,4.2377367,0
1,20150125,15,253.0,1,1,0,1,4.0563364,0
1,20150125,15,1209.0,1,0,1,0,4.2351675,0
1,20150125,15,9841.0,6,0,1,0,7.7134833,0
1,20150125,15,58.0,1,1,1,0,3.955583,0
1,20150125,15,9141.0,2,0,1,0,7.380645,0
1,20150125,15,934.0,1,1,1,0,7.1418715,0
1,20150125,15,20.0,1,1,1,0,3.7575767,0
1,20150125,15,1325.0,15,0,1,0,3.2368894,0
1,20150125,15,784.0,1,1,1,0,4.2967167,0
1,20150125,15,126.0,1,1,1,4,3.8481488,0
1,20150125,15,784.0,1,1,0,0,3.9322453,0
1,20150125,15,204.0,1,0,1,0,4.314184,0
1,20150125,15,1034.0,2,1,1,0,3.9153152,0
1,20150125,15,19656.0,2,1,1,0,4.177987,0
1,20150125,15,299.0,1,0,1,1,4.3314404,0
1,20150125,15,644.0,1,0,1,1,4.21675,0
1,20150125,15,115.0,1,1,1,0,3.8049946,0
1,20150125,15,115.0,1,1,0,0,4.095983,0
1,20150125,15,2978.0,4,0,1,2,7.3150125,0
1,20150125,15,862.0,1,1,1,0,4.175533,0
1,20150125,15,58.0,1,1,0,0,3.9214737,0
1,20150125,15,424.0,1,0,1,1,4.112848,0
1,20150125,15,353.0,1,0,1,0,3.687062,0
1,20150125,15,353.0,1,0,0,0,3.6846385,0
1,20150125,15,329.0,1,0,1,1,3.844622,0
1,20150125,15,846.0,1,0,1,3,3.8842726,0
1,20150125,15,633.0,23,0,1,1,4.4210143,0
1,20150125,15,621.0,2,2,1,0,4.999411,0
1,20150125,15,846.0,1,0,0,2,3.974172,0
1,20150125,15,1873.0,5,0,1,0,7.6066155,0
1,20150125,15,846.0,1,0,0,3,3.8793516,0
1,20150125,15,382.0,1,1,1,3,4.1535115,0
1,20150125,15,846.0,1,0,0,3,3.8915513,0
1,20150125,15,1806.0,3,1,1,0,4.4188976,0
1,20150125,15,32.0,1,0,1,0,4.3274527,0
1,20150125,15,846.0,1,0,0,3,3.885366,0
1,20150125,15,296.0,1,0,1,0,4.2006574,0
1,20150125,15,33.0,1,0,1,1,3.8134997,0
1,20150125,15,846.0,1,0,0,3,3.8968446,0
1,20150125,15,846.0,1,0,0,2,3.9801865,0
1,20150125,15,236.0,1,0,1,1,3.3688207,0
1,20150125,15,0.0,1,0,1,1,3.6978052,0
1,20150125,15,444.0,1,0,1,2,3.824424,0
1,20150125,15,846.0,1,0,0,2,3.9854977,0
1,20150125,15,5495.0,1,1,1,0,3.9437332,0
1,20150125,15,32185.0,17,0,1,0,7.564791,0
1,20150125,15,846.0,1,0,0,2,3.9699616,0
1,20150125,15,9.0,1,0,1,3,3.9558825,0
1,20150125,15,329.0,1,0,1,0,4.141407,0
1,20150125,15,44.0,1,0,1,1,3.9125798,0
1,20150125,15,814.0,1,0,1,2,3.347098,0
1,20150125,15,233.0,1,1,1,0,4.1348443,0
1,20150125,15,233.0,1,1,0,0,4.069703,0
1,20150125,15,233.0,1,1,0,0,4.141081,0
1,20150125,15,233.0,1,1,0,0,4.063615,0
1,20150125,15,233.0,1,1,0,0,4.069703,0
1,20150125,15,329.0,1,0,0,1,3.5984628,0
1,20150125,15,1166.0,1,0,1,1,3.6774793,0
1,20150125,15,1176.0,1,1,1,3,3.695813,0
1,20150125,15,37.0,1,0,1,1,3.6774793,0
1,20150125,15,47.0,1,0,1,1,3.9905026,0
1,20150125,15,96.0,1,0,1,1,3.9150035,0
1,20150125,15,422.0,1,0,1,0,3.9081972,0
1,20150125,15,26.0,1,1,1,1,4.04072,0
1,20150125,15,89.0,1,0,1,0,4.3423724,0
1,20150125,15,2.0,1,1,1,0,4.324879,0
1,20150125,15,34.0,1,1,1,0,4.1817,0
1,20150125,15,2516.0,1,1,1,0,4.248824,0
1,20150125,15,177.0,2,0,1,1,3.5511038,0
1,20150125,15,223.0,1,0,1,2,3.9790928,0
1,20150125,15,7604.0,1,1,1,0,4.1166058,0
1,20150125,15,112.0,1,0,1,0,4.2895236,0
1,20150125,15,193.0,1,0,1,1,4.324879,0
1,20150125,15,2993.0,1,1,1,0,7.449655,0
1,20150125,15,374.0,1,0,1,1,3.9688356,0
1,20150125,15,547.0,1,0,1,0,4.1667805,0
1,20150125,15,15.0,1,0,1,1,4.0641584,0
1,20150125,15,334.0,7,0,1,0,3.5799441,0
1,20150125,15,2073.0,1,0,1,1,7.5140905,0
1,20150125,15,223.0,1,0,0,2,4.0666013,0
1,20150125,15,774.0,3,0,1,1,7.3478036,0
1,20150125,15,721.0,4,0,1,2,3.3482916,0
1,20150125,15,14.0,1,1,1,0,4.031263,0
1,20150125,15,722.0,1,1,1,0,4.0974994,0
1,20150125,15,784.0,1,1,0,0,4.2358565,0
1,20150125,15,782.0,1,1,0,0,3.7012455,0
1,20150125,15,223.0,1,0,0,1,4.061046,0
1,20150125,15,7035.0,1,0,1,0,4.019799,0
1,20150125,15,365.0,1,1,1,0,4.13144,0
1,20150125,15,565.0,1,0,1,1,3.4147105,0
1,20150125,15,28.0,1,0,1,2,4.0130534,0
1,20150125,15,84.0,1,0,1,0,4.258191,0
1,20150125,15,1000.0,1,0,1,0,3.9885938,0
1,20150125,15,1224.0,3,1,1,0,5.048674,0
1,20150125,15,558.0,1,0,1,0,4.0310407,0
1,20150125,15,9141.0,32,0,0,0,7.4964685,0
1,20150125,15,190.0,1,0,1,0,4.200274,0
1,20150125,15,1133.0,1,0,1,0,7.316951,0
1,20150125,15,3833.0,2,0,1,0,7.1432095,0
1,20150125,15,1000.0,1,0,0,0,4.042598,0
1,20150125,15,724.0,1,1,1,0,4.1408587,0
1,20150125,15,22.0,1,1,1,0,4.3298,0
1,20150125,15,7436.0,9,1,1,1,4.9885836,0
1,20150125,15,154838.0,4,1,1,0,8.137755,0
1,20150125,15,573.0,1,1,1,0,7.2179,0
1,20150125,15,42.0,1,0,1,0,4.036352,0
1,20150125,15,154838.0,18,0,0,0,8.076426,0
1,20150125,15,1560.0,1,0,1,1,7.3364086,0
1,20150125,15,14.0,1,0,1,1,4.2751036,0
1,20150125,15,154838.0,3,1,0,0,8.221338,0
1,20150125,15,1363.0,1,1,1,0,4.3376226,0
1,20150125,15,184.0,2,1,1,0,4.5184774,0
1,20150125,15,281.0,1,0,1,0,4.324879,0
1,20150125,15,809.0,1,1,1,0,4.063615,0
1,20150125,15,809.0,1,1,0,0,3.949646,0
1,20150125,15,9141.0,5,0,0,1,7.262457,0
1,20150125,15,809.0,1,1,0,0,3.949646,0
1,20150125,15,8.0,5,0,1,1,4.8899107,0
1,20150125,15,1142.0,2,0,1,1,7.5731964,0
1,20150125,15,56.0,1,0,1,0,4.164207,0
1,20150125,15,154838.0,8,0,0,0,8.023081,0
1,20150125,15,9141.0,4,0,0,1,7.3510785,0
1,20150125,15,512.0,1,1,1,0,4.337079,0
1,20150125,15,353.0,1,0,0,0,3.6443045,0
1,20150125,15,154838.0,5,0,0,0,8.543478,0
1,20150125,15,37465.0,8,1,1,0,7.4405236,0
1,20150125,15,1310.0,1,1,1,0,4.2895236,0
1,20150125,15,21687.0,1,1,1,0,4.324879,0
1,20150125,15,6545.0,2,0,1,1,7.529044,0
1,20150125,15,2119.0,1,0,1,1,4.1523376,0
1,20150125,15,317.0,1,0,1,0,4.3160925,0
1,20150125,15,574.0,1,1,1,1,3.9360034,0
1,20150125,15,477.0,1,1,1,0,4.320669,0
1,20150125,15,306.0,1,1,1,0,4.170144,0
1,20150125,15,274.0,1,0,1,2,4.003197,0
1,20150125,15,15009.0,6,0,1,1,4.1315007,0
1,20150125,15,260.0,1,0,1,1,4.042629,0
1,20150125,15,181.0,1,0,1,0,3.8950176,0
1,20150125,15,9141.0,2,0,0,0,7.2673216,0
1,20150125,15,16511.0,1,1,1,0,3.9623892,0
1,20150125,15,24.0,2,0,1,0,5.0600734,0
1,20150125,15,154838.0,9,0,0,0,8.364388,0
1,20150125,15,1180.0,1,0,1,0,4.04072,0
1,20150125,15,17767.0,7,0,1,1,7.7743626,0
1,20150125,15,238.0,1,1,1,0,4.3311157,0
1,20150125,15,1023.0,1,0,1,1,3.9583178,0
1,20150125,15,9141.0,8,0,0,0,7.6500044,0
1,20150125,15,245.0,2,0,1,6,3.967577,0
1,20150125,15,2073.0,1,0,0,1,7.4702897,0
1,20150125,15,65.0,1,1,1,1,4.211914,0
1,20150125,15,9141.0,3,0,0,0,7.6518846,0
1,20150125,15,612.0,1,1,1,0,7.5448093,0
1,20150125,15,35.0,1,1,1,0,3.9653854,0
1,20150125,15,8.0,2,0,0,1,4.2861943,0
1,20150125,15,573.0,1,1,0,0,7.1674085,0
1,20150125,15,164.0,1,0,1,1,4.0130534,0
1,20150125,15,115.0,1,1,0,0,4.0089197,0
1,20150125,15,115.0,1,1,0,0,4.3020277,0
1,20150125,15,115.0,1,1,0,0,4.199342,0
1,20150125,15,115.0,1,1,0,0,4.0834107,0
1,20150125,15,154838.0,2,1,0,0,8.033853,0
1,20150125,15,1180.0,1,1,0,0,4.1125226,0
1,20150125,15,633.0,3,0,0,2,3.4282713,0
1,20150125,15,1920.0,2,0,1,0,4.965534,0
1,20150125,15,8.0,1,0,0,1,4.0312915,0
1,20150125,15,18646.0,15,0,1,0,5.158791,0
1,20150125,15,13.0,1,0,1,0,4.330894,0
1,20150125,15,573.0,1,1,0,0,7.1739507,0
1,20150125,15,8.0,2,0,0,1,4.0058503,0
1,20150125,15,3999.0,2,1,1,1,7.5175915,0
1,20150125,15,588.0,2,0,1,1,4.1218033,0
1,20150125,15,1818.0,1,2,1,0,4.33451,0
1,20150125,15,8.0,1,0,0,1,4.035346,0
1,20150125,15,132.0,1,0,1,0,4.2534,0
1,20150125,15,464.0,1,0,1,0,4.034657,0
1,20150125,15,8.0,2,0,0,1,4.130197,0
1,20150125,15,1321.0,1,1,1,1,4.1691594,0
1,20150125,15,918.0,1,1,1,1,7.003172,0
1,20150125,15,578.0,1,0,1,0,4.2407227,0
1,20150125,15,3289.0,2,1,1,0,4.8729944,0
1,20150125,15,149.0,1,0,1,0,4.324879,0
1,20150125,15,2001.0,1,1,1,0,4.231802,0
1,20150125,15,164.0,1,0,0,1,3.9322453,0
1,20150125,15,185.0,1,1,1,1,3.447722,0
1,20150125,15,627.0,1,0,1,1,4.118486,0
1,20150125,15,37.0,1,2,1,0,3.6613128,0
1,20150125,15,37.0,1,2,0,0,3.955911,0
1,20150125,15,155.0,1,1,1,0,3.9462419,0
1,20150125,15,7749.0,1,1,1,0,4.141109,0
1,20150125,15,788.0,1,1,1,0,4.330894,0
1,20150125,15,20.0,1,0,1,1,3.9243832,0
1,20150125,15,143.0,1,0,1,0,4.336205,0
1,20150125,15,3038.0,1,1,1,0,7.631404,0
1,20150125,15,1242.0,1,0,1,1,3.353798,0
1,20150125,15,4.0,1,0,1,3,3.2892978,0
1,20150125,15,37465.0,5,1,0,0,7.3589215,0
1,20150125,15,544.0,11,1,1,0,5.1773376,0
1,20150125,15,1920.0,11,0,0,0,4.826734,0
1,20150125,15,121250.0,2,1,1,0,7.8760233,0
1,20150125,15,1363.0,1,1,0,0,4.3376226,0
1,20150125,15,14.0,1,1,1,0,4.3308163,0
1,20150125,15,832.0,1,1,1,0,3.8776708,0
1,20150125,15,12.0,1,0,1,0,4.3423724,0
1,20150125,15,1926.0,1,1,1,0,4.335199,0
1,20150125,15,353.0,1,0,0,0,3.6516602,0
1,20150125,15,353.0,1,0,0,0,3.6258624,0
1,20150125,15,14.0,1,0,1,1,3.3932426,0
1,20150125,15,6342.0,4,1,1,1,4.9333425,0
1,20150125,15,34150.0,2,1,1,0,7.647886,0
1,20150125,15,15.0,1,0,1,0,4.3311157,0
1,20150125,15,719.0,2,0,1,0,4.380875,0
1,20150125,15,3361.0,1,2,1,0,3.9118907,0
1,20150125,15,2059.0,2,0,1,0,7.1053863,0
1,20150125,15,5119.0,2,0,1,0,7.14948,0
1,20150125,15,9141.0,22,0,0,1,7.2684717,0
1,20150125,15,79.0,1,0,1,0,4.3376226,0
1,20150125,15,2517.0,1,1,0,0,4.1161966,0
1,20150125,15,1363.0,1,1,0,0,4.0167823,0
1,20150125,15,2100.0,2,0,1,0,4.1418843,0
1,20150125,15,469.0,1,0,1,0,3.9454358,0
1,20150125,15,782.0,1,1,0,0,3.7277546,0
1,20150125,15,12.0,1,1,1,1,4.6861153,0
1,20150125,15,1340.0,2,0,1,2,3.8295548,0
1,20150125,15,2100.0,2,0,0,0,4.3895993,0
1,20150125,15,621.0,1,2,0,0,4.296967,0
1,20150125,15,23.0,1,1,1,0,4.3386436,0
1,20150125,15,233.0,1,1,0,0,3.9634767,0
1,20150125,15,299.0,5,0,0,3,4.971991,0
1,20150125,15,2100.0,2,0,0,0,4.225537,0
1,20150125,15,70.0,1,1,1,0,4.035346,0
1,20150125,15,321.0,1,0,1,0,4.182836,0
1,20150125,15,7571.0,2,0,1,0,7.756492,0
1,20150125,15,503.0,1,0,1,0,4.231802,0
1,20150125,15,173.0,1,0,1,2,3.7922907,0
1,20150125,15,5680.0,3,0,1,0,7.1343207,0
1,20150125,15,2611.0,1,0,1,1,4.0974994,0
1,20150125,15,238.0,2,0,1,0,4.336205,0
1,20150125,15,587.0,1,0,1,1,4.0936756,0
1,20150125,15,195.0,1,0,1,0,4.335199,0
1,20150125,15,7571.0,1,0,0,1,6.768457,0
1,20150125,15,186.0,1,1,1,1,3.892176,0
1,20150125,15,41.0,1,0,1,1,4.1200504,0
1,20150125,15,323.0,1,0,1,1,3.8373966,0
1,20150125,15,58.0,1,0,1,0,4.0810633,0
1,20150125,15,36.0,1,0,1,1,3.5968764,0
1,20150125,15,3641.0,1,2,1,0,4.035346,0
1,20150125,15,25.0,1,1,1,0,3.9316208,0
1,20150125,15,822.0,1,1,1,0,7.274568,0
1,20150125,15,832.0,1,1,0,0,3.8036664,0
1,20150125,15,846.0,1,0,0,1,3.6847703,0
1,20150125,15,8.0,1,0,1,1,3.7892952,0
1,20150125,15,16926.0,3,1,1,0,7.437626,0
1,20150125,15,92.0,1,0,1,0,3.908525,0
1,20150125,15,97.0,1,1,1,1,4.1779714,0
1,20150125,15,148.0,5,0,1,2,4.158063,0
1,20150125,15,39513.0,16,0,1,0,4.6644554,0
1,20150125,16,18167.0,3,0,1,0,7.2043433,0
1,20150125,16,21330.0,4,1,1,1,7.1854544,0
1,20150125,16,46.0,3,1,1,0,4.786809,0
1,20150125,16,211.0,2,2,1,1,4.24021,0
1,20150125,16,211.0,2,2,0,1,3.5533953,0
1,20150125,16,211.0,1,2,0,1,3.5156329,0
1,20150125,16,211.0,1,2,0,1,3.4035077,0
1,20150125,16,993.0,1,0,1,0,7.349877,0
1,20150125,16,50573.0,13,0,1,1,7.805905,0
1,20150125,16,30565.0,2,1,1,1,7.551484,0
1,20150125,16,11.0,1,1,1,0,3.804642,0
1,20150125,16,17767.0,6,0,1,1,7.869035,0
1,20150125,16,84.0,1,1,1,1,4.179393,0
1,20150125,16,332.0,1,1,1,0,3.9256837,0
1,20150125,16,20.0,1,1,1,1,4.036352,0
1,20150125,16,784.0,1,1,1,0,4.2317734,0
1,20150125,16,784.0,1,1,0,0,3.8415527,0
1,20150125,16,584.0,1,1,1,1,4.024026,0
1,20150125,16,733.0,1,1,1,0,3.982121,0
1,20150125,16,418.0,2,0,1,0,3.9125652,0
1,20150125,16,32.0,1,1,1,0,4.300333,0
1,20150125,16,7604.0,1,1,1,0,4.330894,0
1,20150125,16,37.0,1,0,1,0,4.160803,0
1,20150125,16,11.0,1,1,0,0,3.8462403,0
1,20150125,16,18.0,1,0,1,1,3.6984942,0
1,20150125,16,267697.0,17,1,1,0,5.1027775,0
1,20150125,16,24.0,1,0,1,0,4.3314404,0
1,20150125,16,3177.0,2,1,1,0,7.3322425,0
1,20150125,16,11.0,1,1,0,0,4.1000295,0
1,20150125,16,2124.0,3,1,1,0,6.6825395,0
1,20150125,16,440.0,1,0,1,2,3.3932426,0
1,20150125,16,7062.0,2,0,1,0,4.571741,0
1,20150125,16,49.0,1,1,1,0,4.232098,0
1,20150125,16,473.0,2,0,1,0,4.385085,0
1,20150125,16,127.0,2,0,1,2,3.945344,0
1,20150125,16,126.0,1,0,1,0,4.175533,0
1,20150125,16,49.0,1,1,0,0,4.232098,0
1,20150125,16,2495.0,1,1,1,0,3.9653854,0
1,20150125,16,11.0,1,1,0,0,3.8707,0
1,20150125,16,1.0,1,1,1,0,3.9920266,0
1,20150125,16,126.0,1,0,0,0,4.330894,0
1,20150125,16,34.0,1,1,1,0,4.200686,0
1,20150125,16,16753.0,1,1,1,0,3.8349915,0
1,20150125,16,42.0,1,0,1,0,3.8631718,0
1,20150125,16,84.0,1,1,1,0,4.3274527,0
1,20150125,16,49.0,1,1,0,0,4.230458,0
1,20150125,16,1.0,1,1,0,0,3.8588727,0
1,20150125,16,809.0,1,0,1,0,4.3298,0
1,20150125,16,13.0,1,1,1,1,3.9125798,0
1,20150125,16,50573.0,4,1,0,0,7.66201,0
1,20150125,16,177.0,2,0,1,1,3.9144602,0
1,20150125,16,549.0,1,1,1,0,4.3386436,0
1,20150125,16,86.0,1,1,1,0,4.3376226,0
1,20150125,16,44.0,1,0,1,1,3.504701,0
1,20150125,16,544.0,1,0,1,1,3.6944394,0
1,20150125,16,5381.0,1,1,1,0,7.221532,0
1,20150125,16,9302.0,3,0,1,1,7.2831316,0
1,20150125,16,59.0,1,1,1,0,4.3160925,0
1,20150125,16,115.0,1,1,1,0,4.1486087,0
1,20150125,16,115.0,1,1,0,0,4.0834107,0
1,20150125,16,6.0,1,0,1,2,4.0484776,0
1,20150125,16,11.0,1,1,0,0,3.8100955,0
1,20150125,16,3038.0,2,1,1,0,7.6410446,0
1,20150125,16,45.0,1,0,1,3,3.29861,0
1,20150125,16,49.0,1,1,0,0,4.2377367,0
1,20150125,16,0.0,1,1,1,0,4.13144,0
1,20150125,16,5155.0,2,0,1,0,4.299339,0
1,20150125,16,353.0,1,0,1,0,3.669635,0
1,20150125,16,558.0,1,0,1,0,4.022483,0
1,20150125,16,2172.0,1,1,1,0,4.2071643,0
1,20150125,16,11.0,1,1,0,0,3.8200612,0
1,20150125,16,195.0,1,0,1,3,3.8092895,0
1,20150125,16,738.0,1,1,1,0,4.1152115,0
1,20150125,16,37.0,1,1,1,0,4.1817,0
1,20150125,16,154838.0,27,0,1,1,7.732166,0
1,20150125,16,1412.0,4,0,1,1,4.190556,0
1,20150125,16,34.0,1,1,1,1,4.176407,0
1,20150125,16,864131.0,75,0,1,2,8.03031,0
1,20150125,16,784.0,1,1,0,0,4.069703,0
1,20150125,16,32.0,1,1,1,0,4.0250263,0
1,20150125,16,353.0,2,0,1,2,4.575023,0
1,20150125,16,1621.0,1,1,1,1,4.0250263,0
1,20150125,16,32.0,3,1,1,0,4.2544346,0
1,20150125,16,2587.0,1,1,1,0,7.71121,0
1,20150125,16,2114.0,2,0,1,0,4.064109,0
1,20150125,16,4147.0,1,1,1,0,3.89805,0
1,20150125,16,980.0,1,1,1,1,3.704846,0
1,20150125,16,93.0,1,0,1,1,4.2972636,0
1,20150125,16,2516.0,1,1,1,0,4.037226,0
1,20150125,16,183.0,1,0,1,0,4.0677943,0
1,20150125,16,2587.0,1,1,0,0,7.8991737,0
1,20150125,16,1758.0,3,0,1,0,3.786988,0
1,20150125,16,1736.0,2,0,1,0,7.3877506,0
1,20150125,16,11.0,1,1,0,0,3.8535311,0
1,20150125,16,1332.0,1,0,1,0,4.0758214,0
1,20150125,16,398.0,1,1,1,0,4.00002,0
1,20150125,16,587.0,1,0,1,0,4.206215,0
1,20150125,16,3204.0,1,1,1,0,3.7422116,0
1,20150125,16,11.0,1,1,0,0,3.949646,0
1,20150125,16,90.0,1,0,1,0,4.320669,0
1,20150125,16,485.0,1,1,1,0,4.3160925,0
1,20150125,16,8.0,1,1,1,1,4.0742793,0
1,20150125,16,22.0,1,1,1,2,4.112223,0
1,20150125,16,2114.0,2,0,0,0,3.9332383,0
1,20150125,16,11.0,1,1,0,0,3.9022603,0
1,20150125,16,59.0,1,1,1,0,4.3423724,0
1,20150125,16,1298.0,1,1,1,0,7.284583,0
1,20150125,16,114.0,1,1,1,0,4.118486,0
1,20150125,16,70.0,1,1,1,0,4.1088595,0
1,20150125,16,4121.0,1,1,1,1,3.9319382,0
1,20150125,16,964.0,1,1,1,0,7.304107,0
1,20150125,16,148.0,1,1,1,0,4.324879,0
1,20150125,16,483.0,1,1,1,1,4.021622,0
1,20150125,16,1366.0,1,0,1,0,3.868261,0
1,20150125,16,39.0,1,1,1,0,4.1237793,0
1,20150125,16,130.0,1,0,1,1,4.3423724,0
1,20150125,16,592.0,2,1,1,0,4.104067,0
1,20150125,16,476.0,1,1,1,2,3.94087,0
1,20150125,16,733.0,2,0,1,1,4.056925,0
1,20150125,16,121.0,1,0,1,0,4.3020277,0
1,20150125,16,784.0,1,1,0,0,4.3400655,0
1,20150125,16,105.0,1,1,1,0,3.9144602,0
1,20150125,16,381.0,1,0,1,0,3.6993363,0
1,20150125,16,11.0,1,1,0,0,3.7950158,0
1,20150125,16,233.0,1,1,1,0,4.1704717,0
1,20150125,16,385.0,2,0,1,1,4.1976237,0
1,20150125,16,81.0,2,0,1,0,4.5977883,0
1,20150125,16,24.0,2,0,1,0,4.758087,0
1,20150125,16,872.0,1,1,1,1,3.9556603,0
1,20150125,16,11.0,1,1,0,0,3.8527253,0
1,20150125,16,528.0,1,1,1,0,3.9599655,0
1,20150125,16,73.0,8,0,1,1,4.2335634,0
1,20150125,16,298.0,1,0,1,0,4.1237793,0
1,20150125,16,461.0,1,1,1,0,4.239301,0
1,20150125,16,414.0,1,0,1,0,4.179393,0
1,20150125,16,784.0,1,2,0,0,4.053989,0
1,20150125,16,149.0,1,1,1,0,4.0312915,0
1,20150125,16,391.0,3,0,1,0,4.376299,0
1,20150125,16,2913.0,11,0,1,0,5.2466974,0
1,20150125,16,11.0,1,1,0,0,3.8618562,0
1,20150125,16,2547.0,1,1,1,1,7.320419,0
1,20150125,16,932.0,1,1,1,1,4.095983,0
1,20150125,16,21062.0,8,1,1,0,7.82276,0
1,20150125,16,48.0,1,0,1,1,4.26981,0
1,20150125,16,23.0,1,0,1,0,4.321475,0
1,20150125,16,2601.0,1,1,1,3,7.0305424,0
1,20150125,16,2.0,1,1,1,0,3.930605,0
1,20150125,16,2853.0,1,1,1,0,4.2751036,0
1,20150125,16,163543.0,2,1,1,1,8.067828,0
1,20150125,16,248.0,2,0,1,0,4.8194613,0
1,20150125,16,2.0,1,1,0,0,3.9454358,0
1,20150125,16,1062.0,1,0,1,1,3.9319487,0
1,20150125,16,447.0,1,1,1,0,4.320669,0
1,20150125,16,4028.0,1,1,1,1,3.9790928,0
1,20150125,16,4028.0,1,2,0,1,3.9863718,0
1,20150125,16,832.0,1,1,1,0,3.8765037,0
1,20150125,16,25.0,2,0,1,0,3.9697297,0
1,20150125,16,25.0,1,1,1,0,4.036352,0
1,20150125,16,3.0,1,0,1,0,4.003632,0
1,20150125,16,604.0,4,0,1,1,6.584282,0
1,20150125,16,12.0,1,0,1,0,4.0131955,0
1,20150125,16,201.0,1,0,1,0,3.7413483,0
1,20150125,16,659.0,1,0,1,1,4.200358,0
1,20150125,16,772.0,1,1,1,0,4.2576103,0
1,20150125,16,5585.0,2,0,1,0,7.8785357,0
1,20150125,16,443.0,1,0,1,0,3.9618459,0
1,20150125,16,327.0,1,0,1,0,3.9801865,0
1,20150125,16,8.0,1,0,1,2,3.2758753,0
1,20150125,16,910.0,1,1,1,0,4.3376226,0
1,20150125,16,995.0,1,1,1,0,4.324879,0
1,20150125,16,539.0,1,0,1,2,4.021622,0
1,20150125,16,161.0,1,0,1,2,3.1012402,0
1,20150125,16,11.0,1,0,0,0,3.9198086,0
1,20150125,16,168.0,1,1,1,0,3.9142902,0
1,20150125,16,115.0,1,1,0,0,4.337079,0
1,20150125,16,207.0,1,1,1,0,4.1707683,0
1,20150125,16,9.0,1,1,1,0,4.190211,0
1,20150125,16,567.0,1,2,1,0,4.29749,0
1,20150125,16,801.0,1,1,1,0,4.232098,0
1,20150125,16,9.0,1,1,0,0,4.3058887,0
1,20150125,16,2.0,1,1,0,0,3.955583,0
1,20150125,16,21687.0,5,0,1,0,5.0880594,0
1,20150125,16,1674.0,1,1,1,0,3.7392905,0
1,20150125,16,1667.0,1,1,0,0,3.8501775,0
1,20150125,16,34.0,1,0,1,0,4.069703,0
1,20150125,16,2.0,1,1,0,0,3.9609716,0
1,20150125,16,621.0,1,2,1,0,4.330894,0
1,20150125,16,245.0,1,0,1,0,4.1255856,0
1,20150125,16,784.0,1,1,0,0,4.0881205,0
1,20150125,16,8998.0,4,0,1,1,7.425941,0
1,20150125,16,481.0,1,0,1,1,3.6995003,0
1,20150125,16,377.0,2,0,1,0,4.96657,0
1,20150125,16,4169.0,5,0,1,1,7.5180025,0
1,20150125,16,15.0,1,0,1,1,3.6774793,0
1,20150125,16,11.0,2,0,0,0,4.350918,0
1,20150125,16,199.0,1,0,1,0,4.1018443,0
1,20150125,16,2.0,1,1,0,0,3.8569355,0
1,20150125,16,1539.0,1,1,1,0,4.3311443,0
1,20150125,16,447.0,1,0,1,0,7.211741,0
1,20150125,16,2549.0,4,0,1,0,4.9603806,0
1,20150125,16,2.0,1,1,0,0,4.021622,0
1,20150125,16,12.0,1,0,1,2,3.948909,0
1,20150125,16,784.0,1,2,0,0,4.0666013,0
1,20150125,16,16.0,1,0,1,0,4.330894,0
1,20150125,16,2925.0,1,0,1,3,7.2464995,0
1,20150125,16,487.0,1,2,1,0,4.3311157,0
1,20150125,16,2.0,1,1,0,0,3.974172,0
1,20150125,16,9141.0,1,0,1,0,7.221458,0
1,20150125,16,2547.0,5,0,0,0,7.3784413,0
1,20150125,16,11.0,1,0,0,0,3.9174464,0
1,20150125,16,2434.0,2,1,1,1,7.1941276,0
1,20150125,16,700.0,1,1,1,1,7.2578645,0
1,20150125,16,0.0,2,0,1,0,4.1772146,0
1,20150125,16,710.0,1,1,1,0,4.00421,0
1,20150125,16,447.0,1,0,0,0,7.4216366,0
1,20150125,16,285.0,1,0,1,3,3.5495718,0
1,20150125,16,805.0,1,1,1,0,4.320669,0
1,20150125,16,827.0,1,1,1,0,4.3160925,0
1,20150125,16,951.0,1,1,1,0,4.3274527,0
1,20150125,16,2.0,1,1,0,0,4.141081,0
1,20150125,16,569.0,1,2,0,1,4.0208163,0
1,20150125,16,117.0,2,0,1,0,3.8931725,0
1,20150125,16,1849.0,2,0,1,0,4.1345315,0
1,20150125,16,2.0,1,1,1,0,4.3454165,0
1,20150125,16,286.0,1,1,1,0,4.102076,0
1,20150125,16,1764.0,5,1,1,0,4.3612275,0
1,20150125,16,2516.0,1,1,0,0,4.199342,0
1,20150125,16,15.0,1,1,1,0,4.090689,0
1,20150125,16,669.0,2,0,1,1,6.5613194,0
1,20150125,16,11.0,4,0,0,0,4.5496078,0
1,20150125,16,7604.0,1,1,0,0,4.0387907,0
1,20150125,16,3728.0,5,1,1,0,4.3218894,0
1,20150125,16,381.0,1,0,0,1,3.1793687,0
1,20150125,16,2531.0,2,0,1,2,3.252423,0
1,20150125,16,258.0,1,0,1,0,4.1486087,0
1,20150125,16,300.0,1,1,1,0,4.137418,0
1,20150125,17,115.0,1,1,1,0,4.1817,0
1,20150125,17,993.0,1,0,1,0,7.217173,0
1,20150125,17,462.0,1,0,1,0,7.2397165,0
1,20150125,17,0.0,1,0,1,1,3.3304348,0
1,20150125,17,269.0,1,0,1,1,4.286492,0
1,20150125,17,259.0,1,0,1,0,4.324879,0
1,20150125,17,2167.0,1,1,1,0,4.3376226,0
1,20150125,17,106.0,1,0,1,0,4.3311443,0
1,20150125,17,2.0,1,1,1,0,4.047205,0
1,20150125,17,42.0,1,1,1,0,3.9282575,0
1,20150125,17,3066.0,2,0,1,10,3.7578874,0
1,20150125,17,213.0,1,1,1,0,3.964832,0
1,20150125,17,6494.0,2,0,1,0,7.9515314,0
1,20150125,17,37.0,1,1,1,0,4.010615,0
1,20150125,17,1447.0,1,1,1,0,7.0925617,0
1,20150125,17,15.0,1,0,1,0,4.3400655,0
1,20150125,17,431.0,1,0,1,0,3.8241699,0
1,20150125,17,784.0,1,1,1,0,4.2907023,0
1,20150125,17,738.0,1,1,1,0,4.317977,0
1,20150125,17,300.0,1,1,1,0,4.088809,0
1,20150125,17,621.0,1,2,1,0,4.2358565,0
1,20150125,17,621.0,1,2,0,0,4.320669,0
1,20150125,17,4.0,1,0,1,2,3.6322315,0
1,20150125,17,2.0,1,1,0,0,4.0641584,0
1,20150125,17,59.0,3,1,1,0,4.050241,0
1,20150125,17,278.0,1,0,1,0,4.3311443,0
1,20150125,17,66.0,1,1,1,0,4.2641716,0
1,20150125,17,66.0,1,1,0,0,4.3386436,0
1,20150125,17,1.0,1,1,1,1,4.6921296,0
1,20150125,17,2.0,1,1,0,0,4.0689087,0
1,20150125,17,438.0,1,0,1,1,3.3374674,0
1,20150125,17,752.0,1,0,1,2,3.22346,0
1,20150125,17,446.0,1,0,1,1,3.3763485,0
1,20150125,17,649.0,1,0,1,0,4.2233768,0
1,20150125,17,784.0,1,1,0,0,3.8686562,0
1,20150125,17,2810.0,4,1,1,1,4.7135754,0
1,20150125,17,22.0,1,1,1,0,3.8020728,0
1,20150125,17,161.0,1,0,1,0,3.9431772,0
1,20150125,17,13.0,2,0,1,1,4.7020736,0
1,20150125,17,2.0,1,1,0,0,4.0276,0
1,20150125,17,121250.0,4,1,1,1,7.819919,0
1,20150125,17,282.0,1,1,1,0,4.3160925,0
1,20150125,17,621.0,1,2,0,0,4.3311157,0
1,20150125,17,5830.0,1,1,1,0,7.1398954,0
1,20150125,17,11.0,1,0,1,1,4.3058887,0
1,20150125,17,305.0,1,0,1,1,4.200686,0
1,20150125,17,2.0,1,1,0,0,4.0315876,0
1,20150125,17,2978.0,4,0,1,2,7.301289,0
1,20150125,17,74.0,1,1,1,0,4.321475,0
1,20150125,17,16753.0,1,1,1,0,4.031263,0
1,20150125,17,1097.0,1,0,1,0,4.0295863,0
1,20150125,17,211.0,1,0,1,2,3.3267057,0
1,20150125,17,21978.0,1,1,1,0,3.9950788,0
1,20150125,17,3092.0,1,0,1,1,4.160803,0
1,20150125,17,18.0,1,1,1,2,3.8487558,0
1,20150125,17,82.0,2,0,1,0,4.2065673,0
1,20150125,17,9141.0,15,0,1,0,7.386376,0
1,20150125,17,11.0,1,0,1,2,4.26793,0
1,20150125,17,2.0,1,1,1,0,4.3423724,0
1,20150125,17,34.0,1,1,1,0,4.3034453,0
1,20150125,17,163.0,1,0,1,0,4.115791,0
1,20150125,17,2.0,1,1,0,0,4.2071643,0
1,20150125,17,168.0,1,1,1,1,3.9370096,0
1,20150125,17,180.0,1,0,1,0,4.324879,0
1,20150125,17,1806.0,1,1,1,1,3.904834,0
1,20150125,17,2781.0,1,1,1,0,4.0171814,0
1,20150125,17,1411.0,1,0,1,0,7.3108554,0
1,20150125,17,9141.0,3,0,0,0,7.410327,0
1,20150125,17,300.0,1,1,0,0,4.0096087,0
1,20150125,17,1361.0,1,1,1,0,4.2047405,0
1,20150125,17,555.0,7,0,1,0,7.925171,0
1,20150125,17,2.0,1,1,0,0,4.1237793,0
1,20150125,17,80.0,1,0,1,2,4.0847263,0
1,20150125,17,768.0,1,1,1,0,3.9885938,0
1,20150125,17,788.0,1,1,1,0,4.3386436,0
1,20150125,17,784.0,1,1,0,0,4.0881205,0
1,20150125,17,21.0,1,1,1,0,4.3400655,0
1,20150125,17,1423.0,1,1,1,0,7.5917916,0
1,20150125,17,3.0,1,1,1,1,4.1237793,0
1,20150125,17,210.0,1,0,1,0,4.2641716,0
1,20150125,17,180.0,1,0,0,1,3.4874444,0
1,20150125,17,17767.0,2,0,1,3,7.5950227,0
1,20150125,17,56.0,1,1,1,0,3.771802,0
1,20150125,17,52.0,1,0,1,1,4.160803,0
1,20150125,17,5985.0,1,0,1,1,7.2518287,0
1,20150125,17,39.0,1,0,1,0,4.263847,0
1,20150125,17,301.0,1,1,1,0,4.3298,0
1,20150125,17,105.0,1,1,1,0,3.9905026,0
1,20150125,17,105.0,1,1,0,0,4.0689087,0
1,20150125,17,2189.0,1,0,1,0,7.2333684,0
1,20150125,17,35168.0,24,0,1,0,7.4749303,0
1,20150125,17,91175.0,41,0,1,0,8.22177,0
1,20150125,17,39513.0,26,0,1,0,4.7400203,0
1,20150125,17,765.0,1,0,1,0,4.321475,0
1,20150125,17,347.0,2,0,1,4,3.8951972,0
1,20150125,17,1145.0,1,1,1,0,4.1125226,0
1,20150125,17,5117.0,2,0,1,0,4.850965,0
1,20150125,17,203.0,2,0,1,0,5.1384106,0
1,20150125,17,1667.0,1,1,1,0,3.8238194,0
1,20150125,17,28771.0,3,0,1,0,7.879203,0
1,20150125,17,782.0,1,1,0,0,3.7741551,0
1,20150125,17,1667.0,1,1,0,0,3.8759472,0
1,20150125,17,9907.0,2,1,1,1,4.2943606,0
1,20150125,17,917.0,2,0,1,0,7.3510785,0
1,20150125,17,323.0,2,0,1,0,4.504831,0
1,20150125,17,238.0,1,0,1,0,4.2932634,0
1,20150125,17,42.0,2,0,1,1,4.591127,0
1,20150125,17,2.0,1,1,0,0,4.1414056,0
1,20150125,17,2017.0,4,0,1,0,7.4982066,0
1,20150125,17,24347.0,35,1,1,0,5.114068,0
1,20150125,17,127.0,1,0,1,0,4.190211,0
1,20150125,17,329.0,2,0,1,1,4.3605185,0
1,20150125,17,391.0,2,1,1,0,4.5426664,0
1,20150125,17,4032.0,1,0,1,0,7.223981,0
1,20150125,17,5.0,1,0,1,0,4.2560434,0
1,20150125,17,3.0,1,0,1,0,4.145164,0
1,20150125,17,114.0,1,0,1,0,4.2377367,0
1,20150125,17,3.0,1,0,0,0,4.137418,0
1,20150125,17,2.0,1,1,0,0,3.9222796,0
1,20150125,17,2192.0,2,1,1,0,7.113636,0
1,20150125,17,173.0,1,0,1,1,4.324879,0
1,20150125,17,467.0,1,1,1,0,4.13144,0
1,20150125,17,783.0,1,0,1,0,4.3400655,0
1,20150125,17,11.0,1,1,1,0,3.9522195,0
1,20150125,17,993.0,2,0,0,0,7.5404253,0
1,20150125,17,90.0,1,0,1,0,4.1299734,0
1,20150125,17,52027.0,3,1,1,0,7.442174,0
1,20150125,17,379.0,3,0,1,0,4.04072,0
1,20150125,17,1798.0,1,0,1,0,4.3423724,0
1,20150125,17,2.0,1,1,0,0,3.9353147,0
1,20150125,17,2.0,1,1,0,0,3.955583,0
1,20150125,17,9141.0,2,1,0,0,7.222001,0
1,20150125,17,687.0,1,0,1,0,4.0506253,0
1,20150125,17,163.0,1,0,1,0,4.010615,0
1,20150125,17,901.0,1,1,1,0,3.9556603,0
1,20150125,17,993.0,1,0,0,0,7.317936,0
1,20150125,17,233.0,1,1,1,0,3.9869153,0
1,20150125,17,233.0,1,1,0,0,3.980437,0
1,20150125,17,2.0,1,1,0,0,4.0576515,0
1,20150125,17,4440.0,1,1,1,0,4.335199,0
1,20150125,17,2516.0,1,1,1,0,4.1523376,0
1,20150125,17,738.0,1,1,0,0,4.114176,0
1,20150125,17,2.0,1,1,0,0,3.955583,0
1,20150125,17,1422.0,1,0,0,0,7.3717976,0
1,20150125,17,1063.0,1,0,1,0,4.175533,0
1,20150125,17,672.0,1,1,1,0,3.980437,0
1,20150125,17,87.0,2,1,1,0,5.106166,0
1,20150125,17,2.0,1,1,0,0,3.949646,0
1,20150125,17,1422.0,1,0,0,0,7.3054767,0
1,20150125,17,329.0,1,0,0,0,4.190211,0
1,20150125,17,87.0,1,1,1,0,3.8744287,0
1,20150125,17,784.0,1,1,0,0,4.200435,0
1,20150125,17,17.0,1,0,1,0,4.085051,0
1,20150125,17,2222.0,1,0,1,1,7.321282,0
1,20150125,17,167.0,2,0,1,0,5.326412,0
1,20150125,17,284.0,1,0,1,0,7.4333687,0
1,20150125,17,1286.0,1,0,1,0,4.225537,0
1,20150125,17,20.0,1,0,1,1,3.9592767,0
1,20150125,17,2.0,1,1,0,0,3.8744287,0
1,20150125,17,4142.0,1,0,1,1,7.1727843,0
1,20150125,17,770.0,1,1,1,0,3.8488982,0
1,20150125,17,2.0,1,1,0,0,4.036352,0
1,20150125,17,105.0,1,1,1,0,3.8634968,0
1,20150125,17,1851.0,2,0,1,0,4.7931657,0
1,20150125,17,94.0,1,0,1,0,3.9688356,0
1,20150125,17,151.0,3,0,1,0,3.861414,0
1,20150125,17,129.0,1,0,1,1,4.239301,0
1,20150125,17,17.0,1,0,1,1,3.895219,0
1,20150125,17,1022.0,1,0,1,0,4.3274527,0
1,20150125,17,44.0,1,0,1,1,4.117612,0
1,20150125,17,168.0,1,0,1,1,3.5300758,0
1,20150125,17,48.0,1,0,1,1,4.1500306,0
1,20150125,17,727.0,2,1,1,0,3.27644,0
1,20150125,17,2.0,1,1,0,0,4.0377693,0
1,20150125,17,376.0,2,0,1,1,4.208276,0
1,20150125,17,205.0,1,1,1,0,4.324879,0
1,20150125,17,621.0,1,2,0,1,4.090689,0
1,20150125,17,306.0,1,1,1,0,4.012032,0
1,20150125,17,3923.0,4,0,1,0,7.2564716,0
1,20150125,17,0.0,1,1,1,0,4.183726,0
1,20150125,17,126.0,1,0,1,1,4.141109,0
1,20150125,17,784.0,1,1,0,0,4.0162396,0
1,20150125,17,287.0,2,0,1,2,4.9243884,0
1,20150125,17,8.0,1,0,1,0,4.3386436,0
1,20150125,17,3302.0,1,1,1,0,3.9322453,0
1,20150125,17,165.0,2,0,1,0,4.4024167,0
1,20150125,17,2.0,1,1,0,0,4.062741,0
1,20150125,17,205.0,1,1,0,0,4.285619,0
1,20150125,17,1294.0,1,1,1,0,4.208185,0
1,20150125,17,2.0,1,1,0,0,4.102076,0
1,20150125,17,50.0,1,0,1,0,4.337079,0
1,20150125,17,573.0,1,0,1,1,3.3979523,0
1,20150125,17,374.0,1,1,1,0,4.053227,0
1,20150125,17,17.0,1,1,1,0,4.200435,0
1,20150125,17,2073.0,2,0,1,0,7.6472754,0
1,20150125,17,205.0,1,1,0,0,4.2271457,0
1,20150125,17,2.0,1,1,0,0,4.1704717,0
1,20150125,17,6990.0,1,0,1,0,7.316409,0
1,20150125,17,5381.0,3,0,1,0,7.1242037,0
1,20150125,17,2.0,1,1,0,0,3.859509,0
1,20150125,17,18.0,1,1,1,0,4.0576515,0
1,20150125,17,935.0,2,1,1,0,4.367821,0
1,20150125,17,17645.0,1,0,1,0,3.887464,0
1,20150125,17,205.0,1,1,0,2,3.6881745,0
1,20150125,17,2.0,1,1,0,0,3.955583,0
1,20150125,17,115.0,1,1,0,0,4.3298,0
1,20150125,17,39.0,1,1,1,0,3.6397552,0
1,20150125,17,115.0,1,1,0,0,4.2625313,0
1,20150125,17,115.0,1,1,0,0,4.314184,0
1,20150125,17,37.0,1,2,0,0,3.964832,0
1,20150125,17,37.0,1,1,0,0,3.70153,0
1,20150125,17,205.0,1,1,0,0,4.3400655,0
1,20150125,17,15.0,1,0,1,0,4.0143313,0
1,20150125,17,722.0,7,0,1,0,4.382338,0
1,20150125,17,2.0,1,1,0,0,3.980109,0
1,20150125,17,33.0,1,0,1,0,4.0666013,0
1,20150125,17,401.0,1,0,1,3,3.362584,0
1,20150125,17,2073.0,2,0,0,0,7.6432667,0
1,20150125,17,26.0,1,0,1,2,3.082082,0
1,20150125,17,2.0,1,1,0,0,3.9197536,0
1,20150125,17,50.0,1,1,1,1,3.4139967,0
1,20150125,17,3626.0,2,1,1,0,4.299513,0
1,20150125,17,621.0,1,2,0,1,4.170144,0
1,20150125,17,200.0,1,2,1,0,4.011489,0
1,20150125,17,324.0,1,0,1,0,3.9168975,0
1,20150125,17,256.0,1,0,1,0,4.248909,0
1,20150125,17,312.0,1,0,1,0,4.3308163,0
1,20150125,17,1539.0,1,1,1,0,4.1088595,0
1,20150125,17,1539.0,1,1,0,0,4.1237793,0
1,20150125,17,665.0,1,0,1,0,4.231474,0
1,20150125,17,2.0,1,1,0,0,3.989358,0
1,20150125,17,3148.0,1,1,1,0,7.279177,0
1,20150125,17,261.0,1,1,1,0,4.0299473,0
1,20150125,17,2.0,1,1,0,0,3.9462419,0
1,20150125,17,38.0,1,0,1,2,3.9071813,0
1,20150125,17,38.0,1,0,0,0,4.091233,0
1,20150125,17,990.0,1,1,1,0,3.9392219,0
1,20150125,17,24.0,1,0,1,0,4.112848,0
1,20150125,17,176.0,1,1,1,1,3.3844135,0
1,20150125,17,2.0,1,1,0,0,3.9370096,0
1,20150125,17,6425.0,1,0,1,0,7.2332335,0
1,20150125,17,539.0,1,1,1,1,3.9634104,0
1,20150125,17,6425.0,1,0,0,0,7.454626,0
1,20150125,17,2.0,1,1,0,0,3.9370096,0
1,20150125,17,338.0,1,0,1,0,4.161961,0
1,20150125,17,914.0,2,0,1,1,3.8185248,0
1,20150125,17,664.0,1,0,1,1,4.286492,0
1,20150125,17,15.0,2,0,1,2,4.198407,0
1,20150125,17,131.0,1,0,1,1,3.6774793,0
1,20150125,17,21.0,1,0,1,0,3.7643056,0
1,20150125,17,1849.0,2,0,1,0,4.940923,0
1,20150125,17,782.0,1,1,0,0,3.8241699,0
1,20150125,17,431.0,1,0,0,0,3.6878264,0
1,20150125,17,431.0,1,0,0,0,4.117612,0
1,20150125,17,1749.0,1,1,1,0,3.8686562,0
1,20150125,17,231.0,1,0,1,0,4.144475,0
1,20150125,17,1071.0,11,0,1,0,4.053301,0
1,20150125,17,164.0,1,0,1,0,4.0250263,0
1,20150125,17,17.0,1,0,1,1,4.1397653,0
1,20150125,17,709.0,1,0,1,0,3.9997942,0
1,20150125,17,2.0,1,1,0,0,4.137418,0
1,20150125,17,9142.0,10,0,0,0,7.229419,0
1,20150125,17,18.0,1,0,1,0,4.3311443,0
1,20150125,17,474.0,2,0,1,0,4.391165,0
1,20150125,17,680.0,1,0,1,2,3.5412667,0
1,20150125,17,78.0,1,1,1,0,4.1214724,0
1,20150125,18,2766.0,2,1,1,0,4.0979037,0
1,20150125,18,3417.0,1,0,1,0,7.4073644,0
1,20150125,18,48.0,1,1,1,0,4.3400655,0
1,20150125,18,230.0,1,1,1,0,4.33451,0
1,20150125,18,4520.0,1,1,1,0,7.838454,0
1,20150125,18,139.0,1,1,1,0,4.324879,0
1,20150125,18,1084.0,1,1,1,0,7.774075,0
1,20150125,18,20.0,1,1,1,0,4.335199,0
1,20150125,18,621.0,1,2,1,1,4.2382803,0
1,20150125,18,1889.0,1,0,1,1,7.414395,0
1,20150125,18,447.0,1,1,1,0,3.9150035,0
1,20150125,18,945.0,1,1,1,0,3.847191,0
1,20150125,18,50573.0,7,1,1,1,7.78854,0
1,20150125,18,2547.0,1,1,1,1,3.7780666,0
1,20150125,18,4178.0,2,0,1,1,7.536256,0
1,20150125,18,313.0,1,1,1,0,3.9149888,0
1,20150125,18,1152.0,1,1,1,2,3.7570865,0
1,20150125,18,21.0,1,1,1,0,3.8945377,0
1,20150125,18,243.0,1,1,1,0,3.9562075,0
1,20150125,18,945.0,1,1,1,0,3.8856163,0
1,20150125,18,233.0,1,1,1,0,4.1535115,0
1,20150125,18,233.0,1,1,0,0,3.9885938,0
1,20150125,18,241.0,1,0,1,0,3.970768,0
1,20150125,18,345.0,1,1,1,0,4.2377367,0
1,20150125,18,156.0,1,0,1,1,7.503909,0
1,20150125,18,26.0,1,0,1,0,4.2281103,0
1,20150125,18,21.0,1,1,0,0,3.846317,0
1,20150125,18,1222.0,1,0,1,1,4.119029,0
1,20150125,18,945.0,1,1,0,0,3.9082747,0
1,20150125,18,551.0,1,1,1,1,3.9809961,0
1,20150125,18,753.0,1,0,1,0,3.9950788,0
1,20150125,18,1097.0,1,0,1,2,3.9286578,0
1,20150125,18,2853.0,1,1,1,0,4.3400655,0
1,20150125,18,21.0,1,1,0,0,3.9634104,0
1,20150125,18,137.0,2,1,1,2,4.498652,0
1,20150125,18,274.0,1,1,1,0,7.3580384,0
1,20150125,18,51.0,1,1,1,0,4.021622,0
1,20150125,18,2516.0,1,1,1,0,4.0310407,0
1,20150125,18,1488.0,1,0,1,0,7.5000625,0
1,20150125,18,12665.0,2,0,1,0,7.3562407,0
1,20150125,18,1929.0,1,1,1,0,7.2786036,0
1,20150125,18,367.0,9,0,1,0,4.8168,0
1,20150125,18,107.0,1,0,1,0,3.955583,0
1,20150125,18,438.0,1,0,1,3,3.372215,0
1,20150125,18,1061.0,1,1,1,0,4.0501075,0
1,20150125,18,269.0,1,1,1,1,4.0387907,0
1,20150125,18,94.0,1,0,1,1,3.8915648,0
1,20150125,18,218.0,1,1,1,0,3.94087,0
1,20150125,18,2336.0,1,1,1,0,4.248824,0
1,20150125,18,21.0,1,1,0,0,3.8412278,0
1,20150125,18,2312.0,1,0,1,0,7.1660957,0
1,20150125,18,95.0,1,0,1,0,3.949646,0
1,20150125,18,2520.0,1,1,1,1,4.190211,0
1,20150125,18,7.0,1,0,1,0,4.2956233,0
1,20150125,18,1158.0,1,1,1,1,4.2006574,0
1,20150125,18,24.0,1,1,1,0,4.314184,0
1,20150125,18,782.0,1,1,1,0,3.7785492,0
1,20150125,18,7035.0,1,0,1,0,3.6987083,0
1,20150125,18,362.0,1,1,1,0,3.9801865,0
1,20150125,18,251.0,4,0,1,1,4.894268,0
1,20150125,18,3699.0,9,0,1,0,7.8195524,0
1,20150125,18,178.0,1,1,1,0,4.0573525,0
1,20150125,18,75.0,1,0,1,2,4.185634,0
1,20150125,18,21.0,1,1,0,0,3.9556603,0
1,20150125,18,418.0,1,0,1,0,7.329959,0
1,20150125,18,267.0,1,0,1,0,4.048023,0
1,20150125,18,28.0,1,1,1,0,4.112551,0
1,20150125,18,84.0,1,1,1,0,4.00421,0
1,20150125,18,7515.0,1,0,1,0,7.153384,0
1,20150125,18,81.0,4,0,1,0,4.830848,0
1,20150125,18,15.0,2,0,1,2,4.4616323,0
1,20150125,18,233.0,2,1,1,0,4.151046,0
1,20150125,18,6032.0,1,1,1,0,7.318651,0
1,20150125,18,3699.0,2,0,0,0,7.1541586,0
1,20150125,18,212.0,1,0,1,2,4.0677943,0
1,20150125,18,21.0,1,1,0,0,3.8631718,0
1,20150125,18,27.0,1,0,1,0,4.095983,0
1,20150125,18,26.0,1,1,1,0,4.320669,0
1,20150125,18,581.0,1,1,1,0,4.1554203,0
1,20150125,18,784.0,1,1,0,0,4.175533,0
1,20150125,18,1531.0,1,1,1,0,7.093473,0
1,20150125,18,44.0,1,0,1,0,4.1535115,0
1,20150125,18,163543.0,5,1,1,1,8.009072,0
1,20150125,18,1490.0,2,1,1,0,5.0225353,0
1,20150125,18,377.0,1,0,1,0,4.092254,0
1,20150125,18,1.0,1,1,1,0,4.1214724,0
1,20150125,18,1.0,1,1,0,0,4.111207,0
1,20150125,18,474.0,1,0,1,1,3.7780666,0
1,20150125,18,291.0,2,0,1,0,4.425508,0
1,20150125,18,0.0,1,0,1,0,4.261624,0
1,20150125,18,1389.0,2,0,1,0,7.3269067,0
1,20150125,18,2519.0,18,0,1,0,5.103517,0
1,20150125,18,1621.0,1,1,1,2,3.9950788,0
1,20150125,18,21.0,1,1,0,0,3.9118907,0
1,20150125,18,279.0,1,0,1,0,4.095591,0
1,20150125,18,621.0,1,2,0,0,4.1486087,0
1,20150125,18,44.0,1,0,1,0,4.0511007,0
1,20150125,18,15.0,2,0,1,1,3.4578927,0
1,20150125,18,753.0,7,0,1,5,4.6255016,0
1,20150125,18,111.0,1,1,1,0,3.8736756,0
1,20150125,18,2508.0,3,2,1,0,4.3939075,0
1,20150125,18,5062.0,3,0,1,0,7.632982,0
1,20150125,18,28.0,1,1,0,0,4.010615,0
1,20150125,18,3.0,1,0,1,1,4.186257,0
1,20150125,18,7.0,1,0,1,0,4.1407814,0
1,20150125,18,789.0,1,0,1,4,4.1006036,0
1,20150125,18,236.0,1,0,1,0,4.225537,0
1,20150125,18,40.0,1,0,1,0,4.3298,0
1,20150125,18,551.0,1,0,1,1,3.7003744,0
1,20150125,18,35.0,1,0,1,0,4.3400655,0
1,20150125,18,1641.0,1,1,1,1,4.2358565,0
1,20150125,18,2363.0,4,1,1,0,4.2425447,0
1,20150125,18,948.0,2,1,1,0,4.3298,0
1,20150125,18,1620.0,1,1,0,1,3.7996664,0
1,20150125,18,233.0,1,1,0,0,4.1407814,0
1,20150125,18,51.0,1,1,0,0,4.0750856,0
1,20150125,18,9147.0,2,1,1,0,7.156752,0
1,20150125,18,214.0,1,0,1,0,3.9823256,0
1,20150125,18,105.0,1,1,1,0,4.14617,0
1,20150125,18,313.0,1,1,1,0,4.012032,0
1,20150125,18,4243.0,3,0,1,0,7.4929957,0
1,20150125,18,163649.0,10,1,0,1,7.90664,0
1,20150125,18,204.0,1,1,1,0,3.9256837,0
1,20150125,18,370.0,1,0,1,3,4.111207,0
1,20150125,18,163.0,1,0,1,1,3.949646,0
1,20150125,18,75.0,1,1,1,0,4.031263,0
1,20150125,18,490.0,1,1,1,0,4.2583394,0
1,20150125,18,280.0,1,1,1,0,3.751562,0
1,20150125,18,280.0,1,1,0,0,3.7653265,0
1,20150125,18,235.0,1,1,1,0,3.762888,0
1,20150125,18,784.0,1,1,0,0,4.0053034,0
1,20150125,18,72.0,1,0,1,2,3.816517,0
1,20150125,18,43.0,1,0,1,1,3.8535311,0
1,20150125,18,45854.0,1,1,1,1,3.8262045,0
1,20150125,18,115.0,1,1,1,0,4.21675,0
1,20150125,18,46.0,1,1,1,0,3.704319,0
1,20150125,18,1530.0,1,1,1,0,7.531445,0
1,20150125,18,657.0,1,0,1,0,4.1950703,0
1,20150125,18,113.0,1,1,1,0,3.89805,0
1,20150125,18,965.0,1,0,1,0,4.0689087,0
1,20150125,18,2111.0,3,1,1,0,3.4641557,0
1,20150125,18,49.0,1,1,1,0,4.0677943,0
1,20150125,18,3302.0,1,1,1,0,3.8184206,0
1,20150125,18,181.0,2,0,1,0,4.0053034,0
1,20150125,18,346.0,1,1,1,0,3.687678,0
1,20150125,18,49.0,1,1,0,0,4.084504,0
1,20150125,18,329.0,1,0,1,1,3.2489116,0
1,20150125,18,49.0,1,1,0,0,4.0834107,0
1,20150125,18,49.0,1,1,0,0,4.090689,0
1,20150125,18,21.0,1,1,0,0,3.7808018,0
1,20150125,18,784.0,1,1,0,0,4.069703,0
1,20150125,18,1105.0,1,1,1,0,4.1237793,0
1,20150125,18,2220.0,1,1,1,0,4.3423724,0
1,20150125,18,4243.0,1,0,0,0,7.58465,0
1,20150125,18,4.0,1,0,1,2,3.2704766,0
1,20150125,18,2130.0,3,0,1,0,4.3717227,0
1,20150125,18,1618.0,1,0,1,2,3.4588206,0
1,20150125,18,49.0,1,1,0,0,4.084427,0
1,20150125,18,329.0,1,0,0,0,4.1667805,0
1,20150125,18,184.0,1,0,1,1,3.5752094,0
1,20150125,18,3728.0,8,1,1,0,5.0663075,0
1,20150125,18,71.0,1,1,1,2,3.9689927,0
1,20150125,18,283.0,1,1,1,2,3.6336896,0
1,20150125,18,1667.0,1,1,1,0,3.827264,0
1,20150125,18,600.0,1,1,1,0,3.845311,0
1,20150125,18,895.0,2,0,1,0,4.3308163,0
1,20150125,18,2853.0,1,1,0,0,4.270354,0
1,20150125,18,50573.0,11,1,0,0,7.562292,0
1,20150125,18,49.0,1,1,0,0,4.035346,0
1,20150125,18,300.0,2,1,1,0,4.764312,0
1,20150125,18,3.0,1,0,1,0,4.335199,0
1,20150125,18,115.0,1,0,1,0,3.9997635,0
1,20150125,18,85301.0,4,0,1,0,7.825152,0
1,20150125,18,541.0,1,0,1,0,4.3376226,0
1,20150125,18,358195.0,11,1,1,1,8.6336355,0
1,20150125,18,49.0,1,1,0,0,4.147044,0
1,20150125,18,66.0,2,1,1,0,5.0264983,0
1,20150125,18,178.0,1,0,1,0,3.9359524,0
1,20150125,18,3.0,1,0,1,0,4.357121,0
1,20150125,18,582.0,1,0,1,0,3.599003,0
1,20150125,18,1267.0,1,1,1,0,3.8631718,0
1,20150125,18,937.0,1,1,1,0,4.33451,0
1,20150125,18,361.0,1,0,1,1,4.3376226,0
1,20150125,18,1265.0,1,1,0,0,4.202046,0
1,20150125,18,9147.0,3,1,0,1,7.3231554,0
1,20150125,18,937.0,1,1,0,0,4.320669,0
1,20150125,18,2516.0,1,1,0,0,3.8629498,0
1,20150125,18,6.0,2,0,1,2,3.8586626,0
1,20150125,18,195.0,1,0,1,1,4.012032,0
1,20150125,18,792.0,1,0,1,2,3.2319517,0
1,20150125,18,784.0,1,1,0,0,3.955583,0
1,20150125,18,187267.0,14,0,1,2,4.999586,0
1,20150125,18,817.0,1,0,1,0,4.3160925,0
1,20150125,18,68.0,1,0,1,3,3.701939,0
1,20150125,18,326.0,1,1,1,0,4.0902696,0
1,20150125,18,118.0,1,0,1,0,4.164207,0
1,20150125,18,73.0,1,1,1,1,4.696435,0
1,20150125,18,115.0,1,1,0,0,4.3311157,0
1,20150125,18,115.0,1,1,0,0,4.1969943,0
1,20150125,18,2978.0,7,0,1,1,7.468217,0
1,20150125,18,105.0,2,0,1,0,5.282215,0
1,20150125,18,233.0,1,1,0,0,4.1817,0
1,20150125,18,233.0,1,1,0,0,4.0563364,0
1,20150125,18,233.0,1,1,0,0,4.1200504,0
1,20150125,18,9142.0,64,0,0,0,7.4053397,0
1,20150125,18,90.0,1,1,1,0,3.819514,0
1,20150125,18,226.0,1,1,1,1,4.0576515,0
1,20150125,18,91.0,1,0,1,0,4.263875,0
1,20150125,18,224.0,2,0,1,0,4.42982,0
1,20150125,18,0.0,1,1,1,0,4.280007,0
1,20150125,18,291.0,2,0,0,0,4.4006233,0
1,20150125,18,218.0,1,1,0,0,4.0974994,0
1,20150125,18,689.0,1,0,1,0,7.510098,0
1,20150125,18,166.0,1,0,1,0,4.3298,0
1,20150125,18,187.0,1,0,1,3,4.3212013,0
1,20150125,18,434.0,1,0,1,1,3.9869153,0
1,20150125,18,2963.0,4,1,1,0,4.1136894,0
1,20150125,18,143.0,2,0,1,0,5.0972676,0
1,20150125,18,153.0,1,0,1,0,3.8672552,0
1,20150125,18,784.0,1,1,0,0,4.1397653,0
1,20150125,18,155.0,7,1,1,0,4.0819416,0
1,20150125,18,434.0,1,0,0,1,3.9088216,0
1,20150125,18,709.0,2,0,1,2,3.3557875,0
1,20150125,18,1023.0,2,0,1,0,4.8576264,0
1,20150125,18,138.0,2,0,1,1,5.083948,0
1,20150125,18,1460.0,1,1,1,1,3.8968446,0
1,20150125,18,83.0,1,0,1,0,4.0936756,0
1,20150125,18,786.0,1,0,1,1,3.4269104,0
1,20150125,18,267.0,1,0,1,1,4.1260576,0
1,20150125,18,7604.0,1,1,1,0,4.0167823,0
1,20150125,18,51.0,1,1,1,0,4.2641716,0
1,20150125,18,107.0,1,0,1,2,3.421851,0
1,20150125,18,398.0,1,0,1,0,4.3274527,0
1,20150125,18,30.0,1,0,1,0,4.141081,0
1,20150125,18,21220.0,4,0,1,1,7.4506197,0
1,20150125,18,987.0,1,0,1,0,4.336205,0
1,20150125,18,80.0,1,0,1,0,4.3311443,0
1,20150125,18,14.0,1,0,1,1,4.0974994,0
1,20150125,18,31.0,1,0,1,0,4.124149,0
1,20150125,18,64.0,1,0,1,1,3.4695814,0
1,20150125,18,720.0,1,0,1,0,4.0144753,0
1,20150125,18,98.0,1,0,1,0,4.0167823,0
1,20150125,18,66.0,1,0,1,0,4.3044667,0
1,20150125,18,726.0,1,0,1,1,7.3704543,0
1,20150125,18,128.0,1,1,1,0,4.0563364,0
1,20150125,18,347.0,1,1,1,0,3.980437,0
1,20150125,18,106.0,2,0,1,1,3.4551332,0
1,20150125,18,1202.0,1,1,1,0,4.337079,0
1,20150125,18,8735.0,4,0,1,0,7.2991796,0
1,20150125,18,511.0,1,0,1,0,4.2564683,0
1,20150125,18,95.0,1,1,1,0,4.053989,0
1,20150125,18,2193.0,3,0,1,0,4.8731065,0
1,20150125,18,7604.0,1,0,0,0,4.3308163,0
1,20150125,18,2209.0,2,1,1,0,7.530124,0
1,20150125,18,13.0,2,0,1,0,4.322102,0
1,20150125,18,196.0,1,0,1,1,4.1815066,0
1,20150125,18,63.0,1,0,1,2,3.9118907,0
1,20150125,18,43.0,1,0,1,0,4.292368,0
1,20150125,18,62.0,1,1,1,0,4.0617347,0
1,20150125,18,19270.0,2,1,1,1,3.627421,0
1,20150125,18,118.0,1,0,1,0,4.063615,0
1,20150125,18,46.0,1,1,1,0,4.263875,0
1,20150125,18,621.0,1,2,0,0,4.117612,0
1,20150125,18,73.0,1,1,1,0,4.239301,0
1,20150125,18,9141.0,9,0,0,0,7.3162556,0
1,20150125,18,246.0,1,1,1,0,4.0566607,0
1,20150125,18,176.0,1,0,1,0,4.3314404,0
1,20150125,19,125.0,3,1,1,1,4.5944147,0
1,20150125,19,115.0,1,1,1,0,4.2713747,0
1,20150125,19,328.0,1,0,1,1,3.3304348,0
1,20150125,19,113.0,1,1,1,0,3.9071813,0
1,20150125,19,2167.0,1,1,1,0,4.3376226,0
1,20150125,19,56.0,1,1,1,0,4.21675,0
1,20150125,19,12.0,1,0,1,0,4.1817,0
1,20150125,19,79.0,1,0,1,0,4.330894,0
1,20150125,19,152.0,1,0,1,0,4.314184,0
1,20150125,19,1062.0,1,1,1,0,3.866566,0
1,20150125,19,27315.0,1,1,1,0,7.39368,0
1,20150125,19,73.0,1,0,1,0,4.194421,0
1,20150125,19,215.0,1,0,1,0,4.05768,0
1,20150125,19,239.0,2,0,1,1,4.363426,0
1,20150125,19,2935.0,1,1,1,0,7.486918,0
1,20150125,19,95.0,1,1,1,0,4.3314404,0
1,20150125,19,6778.0,7,0,1,0,4.267355,0
1,20150125,19,784.0,1,1,1,0,4.0425196,0
1,20150125,19,151.0,3,0,1,0,4.1273417,0
1,20150125,19,2776.0,1,0,1,1,4.2066207,0
1,20150125,19,298.0,1,0,1,0,4.336205,0
1,20150125,19,31.0,1,0,1,2,4.112848,0
1,20150125,19,128.0,1,1,1,0,3.9411721,0
1,20150125,19,3673.0,1,1,1,0,4.231802,0
1,20150125,19,2283.0,1,1,1,1,3.9879365,0
1,20150125,19,784.0,1,1,0,0,4.3423724,0
1,20150125,19,13570.0,1,1,1,0,4.2625313,0
1,20150125,19,1126.0,1,1,1,7,3.7990036,0
1,20150125,19,1067.0,1,1,1,0,3.8744287,0
1,20150125,19,460.0,2,1,1,0,3.9444351,0
1,20150125,19,71.0,1,0,1,0,4.2641716,0
1,20150125,19,460.0,2,1,0,0,3.195537,0
1,20150125,19,460.0,2,1,0,0,3.8765666,0
1,20150125,19,189.0,1,0,1,0,4.320669,0
1,20150125,19,2160.0,1,1,1,0,4.263847,0
1,20150125,19,3497.0,9,0,1,0,5.071128,0
1,20150125,19,348.0,1,0,1,1,4.035789,0
1,20150125,19,2.0,1,0,1,1,3.4005213,0
1,20150125,19,3597.0,1,1,1,0,7.429087,0
1,20150125,19,550.0,2,0,1,1,3.6331084,0
1,20150125,19,753.0,3,0,1,6,4.5365996,0
1,20150125,19,268405.0,38,0,1,1,6.803885,0
1,20150125,19,38.0,1,0,1,0,4.320669,0
1,20150125,19,13570.0,1,1,0,0,4.1969943,0
1,20150125,19,74.0,2,0,1,1,4.383083,0
1,20150125,19,161.0,1,0,1,1,3.9307954,0
1,20150125,19,155.0,1,0,1,2,3.5397022,0
1,20150125,19,25.0,1,1,1,0,3.9650555,0
1,20150125,19,1843.0,1,0,1,1,7.1914587,0
1,20150125,19,93.0,1,1,1,0,4.0312915,0
1,20150125,19,250.0,1,1,1,1,4.072535,0
1,20150125,19,82.0,1,1,1,0,3.955583,0
1,20150125,19,2.0,1,0,1,0,4.3376226,0
1,20150125,19,226.0,1,0,1,0,3.9353147,0
1,20150125,19,1667.0,1,1,1,0,3.866566,0
1,20150125,19,30.0,1,0,1,0,4.2221327,0
1,20150125,19,29.0,1,1,1,0,4.3298,0
1,20150125,19,41.0,2,0,1,0,3.7818837,0
1,20150125,19,15.0,1,1,1,0,4.337079,0
1,20150125,19,228.0,1,0,1,1,4.194421,0
1,20150125,19,7035.0,1,0,1,0,4.0087147,0
1,20150125,19,1146.0,1,1,1,1,7.499769,0
1,20150125,19,541.0,1,1,1,0,4.012032,0
1,20150125,19,2516.0,1,1,1,0,4.2625313,0
1,20150125,19,2381.0,3,0,1,0,3.4973507,0
1,20150125,19,237.0,1,0,1,0,4.26793,0
1,20150125,19,73.0,1,0,1,0,4.0810633,0
1,20150125,19,278.0,1,1,1,0,4.183726,0
1,20150125,19,98.0,2,0,1,0,4.451247,0
1,20150125,19,116.0,1,1,1,0,3.8134997,0
1,20150125,19,222.0,1,0,1,1,3.8405159,0
1,20150125,19,782.0,1,1,0,0,3.733083,0
1,20150125,19,64.0,1,1,1,0,4.314184,0
1,20150125,19,4161.0,3,1,1,1,7.584104,0
1,20150125,19,326.0,1,0,1,0,4.194421,0
1,20150125,19,719.0,1,1,1,0,4.0208163,0
1,20150125,19,141.0,1,0,1,0,4.183726,0
1,20150125,19,1853.0,1,1,1,0,4.314184,0
1,20150125,19,4057.0,2,0,1,2,4.700868,0
1,20150125,19,9628.0,1,0,1,2,3.893116,0
1,20150125,19,621.0,1,2,1,1,4.3298,0
1,20150125,19,624.0,1,1,1,0,3.9322453,0
1,20150125,19,428.0,1,1,1,0,3.8852887,0
1,20150125,19,673.0,4,0,1,0,4.8991275,0
1,20150125,19,151.0,1,0,1,0,4.320669,0
1,20150125,19,202.0,1,0,1,0,3.9071813,0
1,20150125,19,40.0,1,0,1,2,4.0579767,0
1,20150125,19,1064.0,1,1,1,0,4.3160925,0
1,20150125,19,163543.0,16,1,1,1,7.9623423,0
1,20150125,19,189.0,1,0,1,0,4.0209618,0
1,20150125,19,144.0,1,0,1,0,4.1407814,0
1,20150125,19,6434.0,4,1,1,0,3.9762218,0
1,20150125,19,2853.0,1,1,1,0,3.771802,0
1,20150125,19,238.0,1,1,1,1,3.7619758,0
1,20150125,19,163543.0,7,1,0,1,8.388982,0
1,20150125,19,71.0,1,0,0,0,4.3314404,0
1,20150125,19,1106.0,2,0,1,0,4.644871,0
1,20150125,19,40.0,6,1,1,0,3.632534,0
1,20150125,19,489.0,1,1,1,0,4.0576515,0
1,20150125,19,641.0,1,0,1,1,3.7033606,0
1,20150125,19,7604.0,1,1,1,0,4.137418,0
1,20150125,19,23304.0,7,1,1,0,7.256525,0
1,20150125,19,814.0,6,1,1,0,3.6281307,0
1,20150125,19,446.0,1,0,1,0,3.9081972,0
1,20150125,19,56.0,1,0,1,0,4.1910167,0
1,20150125,19,115.0,1,1,0,0,4.3314404,0
1,20150125,19,163649.0,21,1,0,1,7.991188,0
1,20150125,19,115.0,1,1,0,0,4.037226,0
1,20150125,19,233.0,1,1,1,1,4.3376226,0
1,20150125,19,38.0,1,1,1,0,4.1554203,0
1,20150125,19,1490.0,1,1,1,0,4.118486,0
1,20150125,19,10927.0,6,1,1,0,3.8713307,0
1,20150125,19,86.0,1,0,1,0,4.337079,0
1,20150125,19,154.0,2,1,1,0,3.471904,0
1,20150125,19,154.0,2,1,0,0,3.1857498,0
1,20150125,19,2247.0,1,0,1,1,7.3379345,0
1,20150125,19,23.0,5,1,1,0,3.1120255,0
1,20150125,19,3570.0,1,1,1,2,7.200413,0
1,20150125,19,163543.0,15,1,0,1,8.017824,0
1,20150125,19,87.0,1,1,1,0,4.314184,0
1,20150125,19,85.0,1,1,1,0,4.2996163,0
1,20150125,19,362.0,1,1,1,0,4.209577,0
1,20150125,19,1498.0,2,1,1,0,4.392962,0
1,20150125,19,163649.0,9,1,0,1,8.032473,0
1,20150125,19,125.0,1,0,1,0,4.337079,0
1,20150125,19,1001.0,1,2,1,0,4.2727966,0
1,20150125,19,597.0,2,0,1,1,4.809193,0
1,20150125,19,20.0,3,1,1,0,3.7910454,0
1,20150125,19,64.0,1,1,1,0,4.2281103,0
1,20150125,19,782.0,1,1,0,0,3.9165974,0
1,20150125,19,143.0,1,0,1,0,4.3311443,0
1,20150125,19,233.0,1,1,0,1,4.330894,0
1,20150125,19,5.0,1,0,1,0,3.8122795,0
1,20150125,19,176.0,1,0,1,0,3.768623,0
1,20150125,19,148.0,8,0,1,2,4.1193795,0
1,20150125,19,2603.0,1,0,1,0,4.010615,0
1,20150125,19,266.0,2,0,1,0,4.4177957,0
1,20150125,19,784.0,1,1,0,0,4.1745267,0
1,20150125,19,487.0,1,2,1,0,4.1497602,0
1,20150125,19,3.0,1,0,1,0,4.183726,0
1,20150125,19,2.0,1,0,1,0,4.3298,0
1,20150125,19,21.0,2,1,1,1,4.903947,0
1,20150125,19,82.0,1,1,0,3,3.670915,0
1,20150125,19,82.0,1,1,0,3,3.762888,0
1,20150125,19,510.0,1,0,1,1,7.5696006,0
1,20150125,19,146.0,1,0,1,0,4.14617,0
1,20150125,19,82.0,2,1,0,3,3.8443313,0
1,20150125,19,82.0,1,1,0,2,3.7577987,0
1,20150125,19,82.0,1,1,0,1,3.8477345,0
1,20150125,19,82.0,1,1,0,1,3.8906772,0
1,20150125,19,3279.0,4,1,1,0,4.0366645,0
1,20150125,19,1639.0,2,1,1,3,4.660648,0
1,20150125,19,38.0,1,0,1,0,4.314184,0
1,20150125,19,66.0,1,1,1,0,4.1557703,0
1,20150125,19,1072.0,1,0,1,0,4.3376226,0
1,20150125,19,66.0,1,1,0,0,3.7778163,0
1,20150125,19,1667.0,3,1,0,0,4.767567,0
1,20150125,19,171.0,1,1,1,0,4.1817,0
1,20150125,19,82.0,1,1,0,1,3.2079172,0
1,20150125,19,233.0,1,1,0,1,4.263847,0
1,20150125,19,82.0,1,1,0,1,3.8535311,0
1,20150125,19,115.0,1,1,0,0,4.190211,0
1,20150125,19,166.0,1,0,1,0,4.0309634,0
1,20150125,19,82.0,1,1,0,1,3.845311,0
1,20150125,19,269.0,1,1,1,1,4.0742145,0
1,20150125,19,16.0,1,0,1,1,4.0058503,0
1,20150125,19,15.0,1,0,1,5,3.9319382,0
1,20150125,19,61.0,1,0,1,1,4.268936,0
1,20150125,19,28.0,1,1,1,0,3.980109,0
1,20150125,19,621.0,1,2,0,0,4.320669,0
1,20150125,19,39.0,1,0,1,0,4.0881205,0
1,20150125,19,846.0,3,1,1,0,4.2966957,0
1,20150125,19,232.0,1,0,1,0,4.0511007,0
1,20150125,19,75.0,1,1,1,0,4.320669,0
1,20150125,19,303.0,1,0,1,2,4.200982,0
1,20150125,19,494.0,19,0,1,0,4.1176987,0
1,20150125,19,784.0,1,1,0,0,4.031263,0
1,20150125,19,306.0,1,1,1,0,4.0576515,0
1,20150125,19,784.0,1,1,0,0,3.9844913,0
1,20150125,19,703.0,1,1,1,0,4.33451,0
1,20150125,19,394.0,1,0,1,1,3.447722,0
1,20150125,19,268.0,1,1,1,0,7.3245473,0
1,20150125,19,161.0,3,0,1,0,4.0450783,0
1,20150125,19,37.0,1,1,1,0,4.2636247,0
1,20150125,19,2516.0,1,1,0,0,4.263875,0
1,20150125,19,16753.0,1,1,1,0,4.332004,0
1,20150125,19,169.0,1,1,1,0,4.320669,0
1,20150125,19,12.0,1,0,1,1,4.010615,0
1,20150125,19,849.0,1,1,1,0,4.232098,0
1,20150125,19,7604.0,1,1,0,0,4.0310407,0
1,20150125,19,1833.0,2,0,1,5,4.0069284,0
1,20150125,19,417.0,1,1,1,0,4.0130534,0
1,20150125,19,540.0,1,1,1,0,4.24303,0
1,20150125,19,161.0,1,0,0,0,3.89805,0
1,20150125,19,640.0,1,0,1,0,4.314184,0
1,20150125,19,233.0,1,1,1,0,4.118486,0
1,20150125,19,431.0,1,0,1,0,3.8965008,0
1,20150125,19,235.0,2,0,1,1,4.4975047,0
1,20150125,19,197.0,1,0,1,0,4.2819157,0
1,20150125,19,47.0,1,0,1,0,4.1022944,0
1,20150125,19,645.0,1,0,1,0,4.2814918,0
