# userId,movieId,rating
3,27369,3.5
73,27369,3.5
3,84236,4.0
4,2086,5.0
8,43556,3.5
10,1423,4.0
452,1423,4.5
11,6598,5.0
417,6598,5.0
11,91548,4.0
12,3474,4.0
12,3780,2.0
12,3829,2.0
12,3879,5.0
12,3885,3.0
15,214,2.0
509,214,4.0
15,803,4.5
547,803,4.0
15,1502,1.5
187,1502,2.0
15,1546,4.0
564,1546,1.0
15,1807,1.5
533,1807,3.0
15,1859,5.0
608,1859,5.0
15,2983,4.0
414,2983,4.0
15,3010,4.0
481,3010,5.0
15,3318,3.0
15,3320,5.0
220,3320,4.0
15,3390,1.0
624,3390,2.0
15,3787,3.0
240,3787,4.5
15,3800,2.0
15,3854,3.0
52,3854,5.0
15,3892,1.0
609,3892,5.0
15,3956,1.0
564,3956,3.0
15,4079,4.0
15,4082,1.0
15,4158,2.0
624,4158,0.5
15,4302,5.0
15,4381,2.0
480,4381,4.0
15,4451,2.5
15,4666,1.0
461,4666,1.5
15,4675,2.0
452,4675,2.0
15,4719,2.0
105,4719,3.5
15,4731,5.0
15,5000,3.5
15,5071,5.0
15,5075,4.0
15,5363,1.0
15,5410,2.0
609,5410,1.0
15,5416,1.5
15,5458,1.0
598,5458,1.0
15,5515,4.0
648,5515,3.0
15,5553,2.0
624,5553,3.0
15,5662,4.0
423,5662,4.5
15,5968,3.0
30,5968,4.0
15,6025,3.0
73,6025,4.0
15,6037,3.0
15,6180,1.0
30,6180,3.0
15,6203,3.0
345,6203,1.0
15,6442,3.5
15,6464,2.5
165,6464,2.0
15,6547,1.0
15,6816,4.0
73,6816,4.0
15,6875,1.0
15,6885,1.0
452,6885,1.0
15,6961,2.5
580,6961,4.0
15,7003,2.0
17,7003,4.0
15,7010,3.5
547,7010,4.0
15,7199,1.0
15,8930,2.5
481,8930,4.5
15,8974,2.5
165,8974,2.5
15,26810,2.0
299,26810,4.5
15,44597,2.5
15,56563,4.0
468,56563,3.5
15,59519,3.5
15,60295,3.5
15,61394,2.0
73,61394,3.5
15,65802,0.5
581,65802,0.5
15,66130,1.5
157,66130,3.5
15,66596,1.5
15,68324,1.0
15,69436,0.5
380,69436,1.5
15,70697,2.5
213,70697,1.0
15,74649,4.0
15,76738,2.5
15,80185,3.0
15,81191,3.0
15,83270,1.0
15,83293,3.5
15,83827,4.0
15,86898,3.5
15,87930,2.0
15,88950,0.5
15,89090,1.5
15,89337,3.0
15,90266,2.5
547,90266,3.0
15,90603,2.5
15,90870,0.5
15,91505,1.0
15,91869,3.0
15,95105,1.0
624,95105,2.5
15,95199,0.5
599,95199,4.0
15,95443,0.5
15,96150,2.0
15,96667,2.5
15,97393,3.5
15,98122,0.5
475,98122,4.0
15,99468,2.5
15,99811,4.0
15,100032,2.0
15,100083,0.5
473,100083,2.5
15,100365,2.5
15,100517,3.0
15,100745,1.0
615,100745,3.5
15,101076,3.0
213,101076,2.0
15,104211,3.5
624,104211,2.5
15,104272,3.0
15,104726,3.0
15,106111,1.0
15,107910,4.5
15,108689,0.5
15,109687,2.5
15,110771,2.0
624,110771,2.0
15,111228,2.5
15,112788,1.0
624,112788,1.5
15,112940,1.5
547,112940,3.0
15,113345,0.5
270,113345,2.5
15,114635,4.0
56,114635,4.0
15,115502,3.5
15,121171,3.0
15,129937,1.5
624,129937,2.0
15,130452,2.0
547,130452,4.0
15,130576,2.0
15,130634,2.0
475,130634,2.5
15,132480,3.0
15,132961,3.0
15,135436,1.0
287,135436,5.0
15,135567,3.0
402,135567,4.5
15,135569,3.0
624,135569,2.5
15,136562,1.5
402,136562,3.5
15,139757,3.5
56,139757,5.0
15,139855,2.0
15,142507,3.0
15,145839,1.0
15,145935,3.0
287,145935,5.0
15,149352,3.0
277,149352,3.0
15,152057,0.5
15,152079,1.5
15,155820,1.0
15,156607,0.5
72,156607,2.0
15,156609,3.5
56,156609,4.0
15,157200,1.5
15,157667,1.5
15,158238,3.5
73,158238,4.0
15,158528,3.5
15,159093,1.0
277,159093,3.0
15,159690,2.0
15,159755,1.0
15,159858,4.0
73,159858,3.5
15,159972,0.5
15,160080,1.0
15,160271,2.5
15,160563,1.0
287,160563,4.0
15,160565,2.0
15,160567,4.0
15,161155,0.5
17,1570,2.5
17,4404,5.0
341,4404,1.0
17,4645,4.5
17,4725,4.5
17,5062,5.0
17,5137,4.5
307,5137,4.5
17,6140,4.0
262,6140,3.0
17,6757,4.0
17,6971,5.0
529,6971,3.0
17,7069,4.5
547,7069,4.0
17,7115,4.5
262,7115,3.0
17,7700,5.0
587,7700,4.5
17,8690,3.0
17,27834,4.5
17,33683,2.0
262,33683,3.0
19,283,3.0
19,354,3.0
602,354,4.0
19,703,3.0
19,966,4.0
19,1336,3.0
564,1336,4.0
19,1382,1.0
247,1382,3.0
20,6201,4.5
461,6201,2.5
20,8611,1.5
311,8611,3.0
20,31116,5.0
468,31116,2.5
20,32469,4.0
20,51471,5.0
22,31184,4.5
23,1932,1.5
387,1932,4.0
23,2205,3.5
522,2205,3.5
23,3245,4.5
23,3415,1.5
81,3415,5.0
23,4458,3.0
654,4458,4.5
23,4976,3.0
547,4976,3.0
23,5073,3.0
452,5073,4.0
23,5096,3.0
23,5348,3.5
23,5373,3.5
405,5373,3.5
23,5599,3.5
23,5633,4.5
544,5633,4.5
23,5682,3.5
596,5682,4.0
23,6008,3.0
587,6008,4.0
23,6162,2.5
299,6162,1.5
23,6404,3.5
23,6415,1.5
23,6599,3.5
23,6611,4.5
23,6918,5.0
436,6918,5.0
23,6981,2.5
23,7070,4.5
472,7070,3.0
23,7088,4.0
547,7088,4.5
23,7748,3.5
468,7748,3.5
23,7759,1.0
23,7942,3.0
23,8019,3.5
103,8019,4.5
23,8955,5.0
23,25753,3.5
529,25753,3.5
23,26052,4.0
468,26052,3.5
23,31101,4.0
23,32892,4.0
23,34326,4.0
299,34326,5.0
23,37736,3.0
23,39231,4.0
212,39231,3.5
23,39869,4.0
481,39869,4.0
23,41863,3.5
547,41863,4.0
26,27376,0.5
26,73587,4.5
132,73587,5.0
29,3720,4.0
388,3720,3.0
30,228,2.0
30,459,4.0
105,459,3.0
30,472,4.0
564,472,3.0
30,767,4.0
30,1181,4.0
30,1523,4.0
647,1523,4.0
30,1624,4.0
30,1864,3.0
30,2307,4.0
30,2977,2.0
196,2977,4.0
30,3144,3.0
547,3144,2.0
30,3370,4.0
30,3613,4.0
547,3613,2.0
30,3804,2.0
564,3804,5.0
30,3859,4.0
452,3859,3.5
30,4060,4.0
30,4088,5.0
30,4122,4.0
30,4146,1.0
596,4146,4.0
30,4316,3.0
414,4316,1.0
30,4354,4.0
30,4491,2.0
30,4498,4.0
30,4522,5.0
30,4524,4.0
30,4528,2.0
30,4573,4.0
30,4608,4.0
30,4615,1.0
30,4617,5.0
30,4629,2.0
367,4629,2.0
30,4710,4.0
575,4710,3.0
30,4733,4.0
509,4733,4.0
30,4751,4.0
30,4815,4.0
452,4815,3.0
30,4830,4.0
142,4830,3.0
30,4832,3.0
547,4832,3.0
30,4960,4.0
30,5043,3.0
30,5122,4.0
30,5125,2.0
30,5161,4.0
30,5172,4.0
463,5172,1.0
30,5198,4.0
30,5208,4.0
30,5276,4.0
30,5277,2.0
30,5307,3.0
30,5335,2.0
30,5344,4.0
405,5344,4.0
30,5359,4.0
547,5359,2.0
30,5366,1.0
30,5471,3.0
30,5534,4.0
30,5548,4.0
624,5548,3.0
30,5561,4.0
30,5564,3.0
353,5564,1.0
30,5581,3.0
452,5581,2.0
30,5655,3.0
596,5655,4.0
30,5689,4.0
30,5696,4.0
30,5699,4.0
30,5703,3.0
30,5723,4.0
30,5729,3.0
547,5729,2.0
30,5732,4.0
405,5732,5.0
30,5742,4.0
30,5745,4.0
30,5773,3.0
30,5843,4.0
30,5846,4.0
30,5854,4.0
30,5857,1.0
30,5859,2.0
463,5859,3.0
30,5869,4.0
30,5923,3.0
452,5923,2.5
30,5926,3.0
30,5933,4.0
30,5960,5.0
30,5961,4.0
111,5961,3.0
30,5962,3.0
165,5962,0.5
30,6084,3.0
30,6096,3.0
30,6103,2.0
30,6127,4.0
547,6127,0.5
30,6186,2.0
30,6233,3.0
311,6233,2.5
30,6234,3.0
30,6240,3.0
311,6240,3.0
30,6318,3.0
311,6318,2.0
30,6419,5.0
547,6419,4.0
30,6473,4.0
311,6473,3.5
33,2507,1.0
33,3568,3.0
33,4248,1.0
294,4248,4.0
33,4509,4.0
457,4509,2.5
33,4622,3.0
33,4652,4.0
439,4652,1.0
33,4956,3.0
439,4956,3.0
33,4988,3.0
38,4114,5.0
38,6107,5.0
38,7936,4.5
38,48682,5.0
38,59447,5.0
38,69761,5.0
38,71180,5.0
38,97826,5.0
38,98587,5.0
38,100843,4.5
38,101070,3.0
38,102753,5.0
38,103980,4.0
427,103980,3.5
38,105355,4.5
547,105355,4.5
38,105769,4.5
38,107555,5.0
38,110586,4.5
39,220,4.0
564,220,2.0
39,285,4.0
41,130,4.5
41,1545,4.5
452,1545,4.0
41,1880,4.0
407,1880,4.0
41,3937,3.0
564,3937,2.0
41,4625,3.5
367,4625,1.0
41,4691,2.5
41,4789,5.0
41,4811,4.0
618,4811,4.0
41,5490,3.5
624,5490,5.0
41,5518,4.5
41,5981,4.0
41,6116,4.5
41,6725,5.0
41,7817,3.0
655,7817,4.0
43,1806,1.0
595,1806,2.0
45,26151,5.0
48,5570,3.5
262,5570,2.5
48,27156,4.0
563,27156,5.0
48,27523,3.5
362,27523,5.0
48,27713,4.0
48,27722,2.5
48,27800,3.5
73,27800,3.5
48,30867,4.0
48,31435,5.0
73,31435,4.5
48,32554,3.0
298,32554,5.0
48,32562,4.0
48,41769,3.0
48,44828,3.0
213,44828,0.5
48,47404,4.0
48,48414,3.0
48,50583,3.0
48,52319,4.0
660,52319,4.0
48,53326,2.0
48,53460,3.0
475,53460,2.5
48,53883,4.0
304,53883,5.0
48,56069,2.5
48,56095,3.0
48,56607,4.0
547,56607,4.5
48,56908,4.0
48,57453,3.5
394,57453,2.5
48,57980,3.0
48,58554,3.5
48,59141,3.5
275,59141,3.5
48,59684,5.0
48,60291,4.0
48,62203,4.5
262,62203,3.5
48,64993,4.0
257,64993,3.5
48,65037,5.0
48,68945,3.5
48,70159,4.0
48,70567,4.0
501,70567,3.0
48,71468,3.0
664,71468,2.0
48,72104,3.0
48,72393,3.5
501,72393,4.5
48,72741,3.5
48,73392,3.5
48,73664,3.0
48,74677,4.0
648,74677,4.0
48,76173,5.0
299,76173,4.0
48,77427,1.5
262,77427,1.0
48,77837,4.5
73,77837,3.5
48,79029,4.0
48,79868,3.5
48,80586,3.5
402,80586,4.0
48,81018,3.5
48,83803,3.0
287,83803,4.5
48,84952,4.0
157,84952,4.5
48,85796,3.0
268,85796,1.5
48,86721,3.0
48,89837,2.5
262,89837,4.0
48,91414,3.0
48,92058,2.0
262,92058,2.0
48,93272,2.5
213,93272,1.5
48,95375,3.0
48,95543,3.0
48,96606,3.0
481,96606,5.0
48,97188,2.5
262,97188,3.0
48,97957,4.0
262,97957,5.0
48,103299,3.5
262,103299,3.0
48,106204,3.0
48,107769,2.5
48,109846,3.0
48,110655,2.5
624,110655,2.5
48,115534,2.0
48,115624,3.0
49,976,4.0
311,976,2.0
49,2537,1.0
624,2537,3.0
49,3628,4.0
49,3643,4.0
195,3643,3.0
51,1636,1.0
414,1636,1.0
52,7615,4.0
547,7615,3.5
52,8918,3.5
165,8918,2.5
52,31408,4.5
652,31408,4.0
52,43744,4.0
238,43744,4.0
52,51094,3.5
52,52545,4.0
53,3434,4.0
54,3906,4.0
54,26160,3.5
54,26294,4.0
159,26294,3.5
54,44197,4.5
54,48660,1.0
54,91355,3.5
54,96655,5.0
380,96655,4.0
56,4771,4.0
56,26471,2.0
56,27253,4.0
56,33495,4.0
353,33495,1.5
56,34528,4.0
654,34528,4.0
56,50514,4.0
56,54256,5.0
615,54256,3.0
56,56333,4.0
547,56333,3.5
56,70728,4.0
457,70728,3.0
56,74416,4.0
73,74416,4.5
56,74754,5.0
56,79677,5.0
56,83086,1.0
56,83976,4.0
299,83976,4.0
56,84116,4.0
56,85438,5.0
133,85438,2.5
56,86000,5.0
275,86000,4.5
56,86884,4.0
56,87522,1.0
200,87522,4.5
56,90947,4.0
56,91199,4.0
652,91199,3.5
56,93422,4.0
163,93422,4.0
56,94896,4.0
624,94896,3.0
56,96467,5.0
547,96467,3.5
56,96911,4.0
275,96911,5.0
56,97836,1.0
624,97836,2.5
56,99764,5.0
519,99764,5.0
56,99917,2.0
56,100272,4.0
56,103279,4.0
133,103279,3.0
56,104944,4.0
73,104944,4.5
56,105429,4.0
56,105715,2.0
56,106062,2.0
624,106062,4.0
56,106144,4.0
56,107978,5.0
56,108156,2.0
624,108156,2.0
56,110461,4.0
56,113064,4.0
427,113064,3.5
56,113705,2.0
547,113705,3.5
56,114342,4.0
547,114342,4.0
56,127108,5.0
56,127206,2.0
56,128620,5.0
56,131168,4.0
56,133771,5.0
73,133771,3.5
56,139116,5.0
56,141890,4.0
56,142422,4.0
56,148881,5.0
56,155392,4.0
56,160590,5.0
57,1978,1.0
564,1978,4.0
58,2180,4.0
452,2180,3.0
58,3710,3.0
59,7040,4.0
547,7040,3.0
59,26695,3.5
61,8544,3.5
61,55566,4.0
61,56030,3.5
62,101947,3.5
62,120637,1.5
624,120637,2.0
62,160438,4.0
287,160438,4.5
63,1105,0.5
516,1105,3.0
67,664,3.0
564,664,4.0
68,26025,3.5
394,26025,0.5
68,26562,4.0
547,26562,4.0
68,31374,4.0
581,31374,0.5
71,3920,5.0
564,3920,2.0
71,3966,5.0
547,3966,4.5
73,98,3.0
73,409,2.5
73,1456,1.0
239,1456,2.0
73,1826,1.0
428,1826,0.5
73,2164,1.0
463,2164,1.0
73,2305,4.5
73,3573,0.5
564,3573,4.0
73,3574,0.5
564,3574,1.0
73,3687,3.5
73,3843,4.0
95,3843,3.0
73,3962,2.5
564,3962,2.0
73,4415,3.5
73,4454,3.5
157,4454,4.5
73,4577,4.0
452,4577,4.0
73,4619,2.5
598,4619,4.0
73,4800,4.0
294,4800,3.5
73,4899,2.0
377,4899,4.5
73,4987,3.0
73,4989,3.0
350,4989,2.0
73,5205,3.5
73,5210,3.5
73,5244,5.0
73,5585,1.0
73,5691,2.5
73,5734,2.5
73,5736,2.5
73,5737,2.0
73,5746,4.5
73,6298,0.5
73,6338,3.0
457,6338,1.5
73,6559,4.0
73,6602,3.5
299,6602,4.5
73,6695,1.5
73,6803,4.0
73,6977,3.0
547,6977,3.5
73,7117,3.0
165,7117,3.0
73,7308,3.5
294,7308,3.0
73,7411,3.0
580,7411,1.0
73,7743,3.5
75,7743,3.0
73,7845,3.0
73,7846,2.5
73,7915,3.5
73,7984,3.5
73,7987,3.5
73,8811,0.5
73,8854,3.5
73,8859,0.5
428,8859,0.5
73,25962,4.0
73,26403,3.5
471,26403,4.5
73,26480,3.0
73,26547,4.5
157,26547,3.5
73,26585,3.5
346,26585,3.5
73,26603,3.5
199,26603,4.0
73,26606,4.0
523,26606,4.5
73,26684,3.5
299,26684,4.5
73,26704,4.0
73,26736,4.0
73,26842,4.0
623,26842,4.0
73,27109,4.5
580,27109,3.0
73,27555,4.0
73,27646,4.5
73,27704,2.5
73,27778,3.5
73,27793,2.0
563,27793,1.5
73,31150,4.0
77,31150,3.5
73,31225,3.5
169,31225,5.0
73,31290,0.5
73,31422,1.0
557,31422,3.0
73,31431,1.0
73,32352,3.0
73,32387,4.0
73,34530,2.0
380,34530,1.0
73,40574,3.0
73,43838,3.5
73,43921,4.0
627,43921,4.0
73,44245,4.0
73,45183,3.0
346,45183,4.5
73,45506,4.0
73,45726,2.5
353,45726,2.5
73,46337,0.5
574,46337,2.0
73,46865,1.0
91,46865,2.5
73,47815,0.5
73,48591,0.5
73,49526,2.5
402,49526,3.5
73,49528,2.5
384,49528,2.0
73,49817,4.0
73,50641,5.0
423,50641,4.5
73,50651,3.0
73,50798,1.0
384,50798,2.0
73,50806,1.0
91,50806,2.0
73,51277,4.5
580,51277,4.5
73,51931,4.0
73,51937,2.5
73,52462,3.5
571,52462,4.0
73,54290,0.5
428,54290,0.5
73,54331,4.0
380,54331,3.5
73,54745,3.5
73,55207,4.0
73,55245,3.0
402,55245,3.5
73,58146,0.5
73,58301,4.0
481,58301,4.0
73,58315,1.0
402,58315,3.5
73,58627,3.5
426,58627,4.0
73,58975,2.5
73,60609,4.0
73,62801,4.0
73,63540,0.5
212,63540,0.5
73,63826,3.0
73,64508,1.0
73,64900,4.0
73,65126,4.0
580,65126,3.5
73,65310,3.0
73,66066,0.5
73,66090,4.0
199,66090,3.5
73,66335,3.5
426,66335,1.0
73,67695,3.0
624,67695,2.0
73,68444,3.0
73,68901,3.5
547,68901,3.5
73,68959,2.5
73,68965,0.5
73,69685,3.0
73,69746,2.5
73,70465,4.0
73,70946,0.5
73,71533,3.0
73,72603,3.0
73,72733,4.5
475,72733,3.0
73,73759,4.0
73,74944,3.5
426,74944,2.5
73,76060,2.0
73,76272,3.5
73,78266,2.5
213,78266,1.5
73,78772,2.0
501,78772,1.5
73,79251,3.5
262,79251,2.0
73,79720,3.5
547,79720,3.0
73,79879,2.5
624,79879,3.0
73,80083,3.5
73,80846,2.5
664,80846,4.0
73,81083,3.5
299,81083,4.0
73,81660,2.5
73,82041,3.5
262,82041,3.5
73,87234,4.0
262,87234,3.5
73,88118,4.0
73,89085,4.5
73,90430,3.5
473,90430,5.0
73,91976,3.0
624,91976,1.0
73,92309,3.0
262,92309,2.0
73,93320,5.0
73,93855,5.0
157,93855,4.0
73,95147,3.5
73,95165,3.0
73,95182,3.0
73,95473,3.5
73,95475,4.5
73,95499,4.5
73,95780,3.5
73,95782,3.5
73,95963,3.5
73,95965,4.5
73,96004,4.0
73,96007,3.5
73,96432,3.5
529,96432,2.5
73,98607,3.5
157,98607,4.0
73,98829,4.0
73,100159,4.0
262,100159,3.0
73,102252,4.5
73,102716,3.5
475,102716,3.0
73,106022,4.0
73,107999,3.5
73,108090,3.5
73,109074,4.0
73,109895,3.5
624,109895,3.0
73,110348,4.0
73,110882,3.0
547,110882,3.5
73,111624,3.5
73,112818,3.0
624,112818,2.0
73,113252,4.0
262,113252,3.0
73,113573,3.0
73,114670,3.0
270,114670,3.5
73,115216,4.0
624,115216,3.0
73,115877,3.5
73,115881,3.0
262,115881,1.0
73,116397,3.5
655,116397,4.0
73,117123,3.0
73,118082,3.5
73,126006,3.5
73,130642,3.5
73,130682,3.5
73,139130,4.0
73,141718,3.5
73,141866,4.0
73,152091,3.0
73,152844,4.0
73,156726,3.5
73,159462,3.0
73,161594,3.0
73,162376,4.5
77,4092,2.5
77,6305,3.0
452,6305,3.5
77,7236,4.0
580,7236,2.0
77,7708,2.5
77,7811,4.0
370,7811,3.5
77,7812,4.0
370,7812,3.5
77,8537,4.0
77,26492,3.5
77,27685,1.0
78,43679,4.5
430,43679,3.5
78,70678,4.5
78,97673,4.5
547,97673,4.5
81,872,5.0
81,2673,4.5
608,2673,5.0
81,3637,4.0
81,4470,4.5
81,5028,5.0
388,5028,4.0
81,6123,4.5
468,6123,3.5
81,6509,4.0
81,7172,4.0
81,7564,5.0
81,7574,5.0
81,7786,3.5
81,7820,4.0
81,7938,4.0
468,7938,3.0
81,8199,4.5
236,8199,5.0
81,8327,4.0
362,8327,4.5
81,8367,4.0
165,8367,2.0
81,8485,4.0
81,26150,5.0
81,26228,4.0
81,26318,4.5
406,26318,4.5
81,26578,5.0
81,31524,4.0
81,31930,4.0
81,40491,4.5
81,43899,3.0
81,45000,4.0
81,47274,4.0
299,47274,4.0
81,48165,4.0
481,48165,5.0
81,52528,4.0
81,52617,5.0
81,53447,3.5
299,53447,4.5
81,58425,4.5
81,61206,4.5
81,68137,2.0
81,68967,4.0
81,69516,4.0
299,69516,4.5
81,71438,3.5
81,78836,4.0
519,78836,5.0
81,81054,4.0
81,81786,4.0
481,81786,4.5
86,124,3.0
86,263,3.0
86,568,3.0
321,568,4.0
86,756,3.0
86,844,3.0
86,1163,3.0
510,1163,2.0
88,52668,4.5
88,63515,2.5
169,63515,4.5
88,67799,2.5
90,1351,4.0
564,1351,4.0
90,1472,4.0
91,747,3.5
135,747,2.0
91,52694,3.5
475,52694,1.0
91,66798,4.0
91,96616,3.0
624,96616,1.5
91,104218,3.5
624,104218,1.5
91,132157,2.5
624,132157,1.5
93,54328,5.0
93,84304,3.5
94,58706,4.0
95,1322,2.0
564,1322,3.0
95,1655,2.0
564,1655,5.0
95,1988,3.0
564,1988,3.0
95,2149,3.0
564,2149,1.0
95,2461,4.0
210,2461,2.5
95,2465,3.0
564,2465,5.0
95,2868,4.0
564,2868,2.0
95,3660,4.0
564,3660,3.0
95,3840,3.0
564,3840,5.0
95,4140,5.0
95,4222,3.0
95,4266,3.0
95,4490,4.0
472,4490,2.0
95,4516,3.0
442,4516,4.0
95,4560,3.0
95,4561,4.0
95,4636,2.0
95,4670,4.0
452,4670,2.5
95,4949,2.0
471,4949,2.0
95,5080,3.0
165,5080,2.5
95,5203,4.0
95,5342,2.0
95,5343,3.0
96,8094,4.5
311,8094,3.5
96,8629,3.0
96,8765,4.0
96,25947,5.0
547,25947,3.5
96,30712,4.0
547,30712,4.5
96,32525,5.0
587,32525,5.0
96,47202,4.0
547,47202,4.0
98,7081,5.0
98,8522,5.0
547,8522,2.5
98,25801,5.0
98,148888,3.0
98,149830,3.0
98,156025,5.0
101,26701,4.0
102,37,1.0
306,37,3.0
102,1384,4.0
102,1420,5.0
102,2219,4.0
102,2227,4.0
102,2397,3.0
564,2397,4.0
102,2820,4.0
436,2820,5.0
102,3329,4.0
102,3588,4.0
585,3588,4.0
102,3609,4.0
452,3609,4.5
102,3655,5.0
452,3655,4.0
103,4475,4.0
103,5700,1.0
624,5700,0.5
103,8093,3.5
313,8093,2.0
105,1846,4.0
608,1846,5.0
105,4407,4.5
299,4407,4.5
105,4479,4.0
105,4837,3.5
609,4837,1.0
105,5003,3.0
105,5180,3.0
105,5302,3.5
105,6344,3.5
105,6898,4.0
648,6898,4.0
105,6997,3.0
105,7017,2.5
213,7017,3.5
105,7193,3.5
105,7272,2.5
106,5422,4.5
106,7773,5.0
106,39408,0.5
106,39416,5.0
106,44731,4.0
106,59306,4.0
426,59306,4.0
111,4600,4.0
111,5829,3.0
128,5829,3.0
111,6375,4.5
624,6375,5.0
111,6744,3.0
294,6744,3.5
111,8709,3.0
117,47148,4.5
119,1317,4.0
119,1564,5.0
367,1564,4.0
119,1613,3.0
119,1852,3.0
119,2101,4.0
510,2101,1.0
119,2660,5.0
439,2660,4.0
119,2828,2.0
518,2828,3.0
119,3490,1.0
564,3490,5.0
119,3563,1.0
665,3563,2.0
119,3895,2.0
461,3895,0.5
119,3926,4.0
585,3926,2.0
119,4106,3.0
119,4139,2.0
119,4195,4.0
470,4195,4.0
120,7616,4.5
457,7616,3.0
123,4493,4.0
124,37475,3.5
169,37475,4.5
125,66659,0.5
128,3400,3.0
595,3400,1.0
128,3553,4.0
128,3743,5.0
412,3743,2.0
128,5164,4.0
128,5612,4.0
128,5677,3.0
129,3691,2.0
564,3691,3.0
130,6768,4.0
243,6768,3.5
130,6782,4.0
130,40959,0.5
367,40959,3.0
132,4964,4.5
132,6211,4.5
405,6211,4.0
132,6571,4.0
132,7349,4.5
132,27178,5.0
133,27178,0.5
132,27255,2.5
132,27727,4.0
132,39768,4.5
132,42935,4.0
132,53189,4.0
132,55555,5.0
132,56274,4.0
132,57792,3.5
133,40870,3.5
133,85612,3.5
133,102792,1.0
133,106441,5.0
199,106441,3.5
133,107559,5.0
133,116939,0.5
134,27751,3.5
134,62049,4.5
134,97757,2.0
139,4532,0.5
165,4532,2.5
140,97895,3.5
140,103801,2.5
457,103801,2.5
140,106540,4.0
142,4834,1.0
648,4834,4.0
146,59945,3.0
146,66915,3.0
146,71102,4.0
146,71460,1.0
148,6195,4.0
149,4755,5.0
149,65193,4.0
149,90061,5.0
149,100034,4.0
149,103539,4.0
547,103539,3.5
149,117444,3.5
334,117444,4.0
150,4229,3.5
624,4229,3.0
150,5081,2.5
509,5081,4.0
150,6265,3.0
150,8010,4.0
353,8010,3.0
150,27338,3.0
152,6300,2.0
152,8117,1.5
157,8117,4.0
152,47491,2.0
157,47491,4.5
153,2562,5.0
153,5605,4.0
157,31364,4.0
394,31364,0.5
157,32078,3.0
157,32840,4.0
299,32840,5.0
157,47937,3.0
157,55684,3.0
157,58376,3.5
157,59814,4.5
157,71304,2.5
262,71304,2.0
157,73808,4.5
157,76091,4.0
157,80350,0.5
501,80350,0.5
157,81417,3.5
157,82242,4.0
157,86892,3.0
163,66544,3.0
163,74688,2.5
620,74688,1.5
163,92751,4.0
163,104337,4.0
165,834,3.0
165,1430,2.5
165,1490,0.5
668,1490,1.0
165,1532,2.5
165,1632,2.5
165,1739,0.5
500,1739,1.0
165,1886,1.5
165,2449,3.0
564,2449,1.0
165,2799,2.5
564,2799,1.0
165,2845,0.5
165,2979,2.0
388,2979,2.0
165,3437,5.0
165,3774,3.5
564,3774,1.0
165,4630,5.0
624,4630,1.0
165,4749,2.0
500,4749,1.5
165,4750,1.5
500,4750,1.5
165,4875,1.0
165,4968,1.5
404,4968,4.0
165,5053,3.0
294,5053,3.5
165,5443,2.0
165,5448,2.5
165,5501,3.0
165,5531,2.5
165,5556,1.0
165,5562,2.0
165,5569,2.0
262,5569,4.0
165,5597,4.0
577,5597,1.0
165,5615,1.5
165,5765,5.0
165,5880,0.5
315,5880,1.0
165,5883,2.0
165,5901,2.5
165,6063,4.5
262,6063,4.0
165,6204,2.5
165,6284,0.5
165,6587,0.5
380,6587,1.5
165,6827,2.0
217,6827,3.0
165,6872,0.5
165,7189,1.5
165,7315,2.0
165,7343,1.5
165,8130,3.0
380,8130,3.0
165,8534,2.5
165,8667,2.0
547,8667,3.5
165,8720,2.5
165,8832,1.5
165,8835,1.5
165,8839,2.5
165,8864,3.5
165,8911,2.5
382,8911,2.5
165,9010,5.0
623,9010,5.0
165,27869,3.0
165,31445,2.0
165,31724,1.0
169,8982,3.5
169,26198,3.5
547,26198,2.5
169,42732,2.0
294,42732,4.5
169,64249,3.5
531,64249,3.0
175,4459,5.0
175,5839,4.0
175,5840,4.0
529,5840,4.0
175,6006,1.0
315,6006,1.0
176,27689,1.0
176,40597,2.0
176,43419,2.0
176,44849,3.5
176,52579,3.5
176,63276,3.5
299,63276,4.0
176,66317,3.0
471,66317,4.0
176,66808,1.0
176,69275,1.5
397,69275,3.0
176,73319,3.0
213,73319,3.0
176,77201,2.0
176,80864,3.0
624,80864,3.5
176,82463,3.0
547,82463,4.0
176,89102,2.0
176,89761,3.5
176,93805,3.5
176,94480,1.0
176,99320,2.0
177,200,4.0
177,512,4.0
564,512,3.0
177,600,4.0
177,1750,2.0
182,201,4.0
182,243,4.0
182,343,3.0
182,687,3.0
659,687,3.0
185,418,3.0
602,418,3.0
185,2128,2.0
509,2128,4.0
185,4655,3.0
186,7002,4.5
187,4389,4.0
388,4389,3.0
187,6207,4.0
187,6493,2.0
294,6493,4.5
187,6930,3.5
187,7541,3.0
557,7541,3.5
187,7624,4.0
292,7624,4.0
187,8129,2.0
427,8129,1.5
187,8857,3.0
187,26116,3.5
547,26116,2.5
187,26422,5.0
187,27674,3.5
480,27674,4.0
187,31114,4.0
187,34164,4.0
427,34164,4.5
187,43177,1.0
187,49280,5.0
187,51174,4.0
187,56169,3.5
199,56169,4.0
187,59418,5.0
468,59418,2.5
187,61075,3.0
187,61401,3.0
187,63479,3.5
188,867,3.0
189,3001,2.0
189,3765,2.0
190,2630,4.0
510,2630,3.0
190,2975,4.0
196,2975,4.0
193,957,4.0
195,722,4.0
564,722,4.0
195,960,3.0
311,960,2.0
195,1583,2.0
564,1583,1.0
195,2182,4.0
387,2182,4.0
195,3122,3.0
195,3427,1.0
575,3427,2.0
195,3432,1.0
196,3118,4.0
547,3118,3.0
196,3572,1.0
564,3572,2.0
196,3620,2.0
407,3620,4.0
199,1165,1.5
199,2913,3.0
199,3576,3.0
564,3576,5.0
199,5046,3.5
199,6826,1.0
199,7048,4.0
199,7282,0.5
199,8403,2.0
199,8654,2.0
199,8790,3.0
199,26554,4.0
346,26554,4.5
199,27005,3.5
199,27410,4.0
199,27922,4.0
199,32825,4.0
481,32825,4.5
199,33558,3.0
199,51357,4.0
199,53207,3.5
213,53207,3.0
199,54771,3.0
213,54771,3.0
199,58432,3.0
199,59590,2.0
199,59810,3.5
380,59810,4.5
199,62792,3.5
199,63481,2.0
199,65133,4.5
624,65133,3.0
199,67867,2.0
199,68194,3.5
587,68194,4.0
199,68932,2.0
199,69278,3.5
380,69278,2.0
199,72129,3.5
501,72129,3.0
199,73211,3.5
480,73211,4.0
199,76210,3.0
380,76210,4.0
199,78160,4.0
199,78218,3.5
199,78544,4.0
199,79006,4.0
199,79796,3.5
199,81535,3.0
501,81535,2.5
199,83506,4.0
199,84395,2.5
199,85020,3.5
199,85025,3.5
624,85025,2.0
199,86290,3.5
199,89753,3.5
199,90345,3.5
199,112112,2.0
200,8604,2.5
200,26686,3.5
200,26999,2.0
200,27193,2.0
200,27482,1.0
200,33499,2.5
452,33499,2.0
200,36289,2.0
200,57353,4.0
586,57353,4.5
200,87975,3.0
200,91978,4.5
287,91978,4.5
200,136592,1.5
201,27882,5.0
202,1998,3.0
564,1998,4.0
202,3768,3.0
202,4466,5.0
202,4566,2.0
346,4566,5.0
202,4589,4.0
472,4589,4.0
202,4945,5.0
202,5141,3.0
598,5141,3.0
202,5910,1.0
204,4531,0.5
457,4531,2.0
204,8751,5.0
468,8751,4.0
204,8899,4.0
205,45730,3.5
472,45730,1.0
205,114552,4.5
205,117851,1.5
205,130073,3.0
207,26564,0.5
547,26564,4.0
207,45969,3.5
207,51372,0.5
557,51372,3.0
207,59834,0.5
207,70121,0.5
207,71876,0.5
208,4770,3.0
211,630,4.0
659,630,3.0
212,3891,1.0
212,4207,2.0
212,5134,3.5
384,5134,3.5
212,5947,3.5
405,5947,4.0
212,5994,3.5
212,7009,3.0
547,7009,3.0
212,7179,4.0
212,7714,3.5
547,7714,4.0
212,7753,3.5
212,8935,1.5
581,8935,0.5
212,8943,3.5
212,26870,1.0
624,26870,2.0
212,32174,2.0
212,33621,3.5
212,39234,4.0
212,40148,4.0
501,40148,5.0
212,43908,3.5
212,43930,2.5
599,43930,4.5
212,47254,2.5
430,47254,5.0
212,51834,2.5
599,51834,4.0
212,54775,3.5
212,55110,3.5
426,55110,4.0
212,55872,2.5
426,55872,3.5
212,57326,2.0
213,57326,3.0
212,58105,3.0
213,58105,2.5
212,60471,2.5
212,62113,3.0
531,62113,3.5
212,72407,2.5
501,72407,1.5
212,72605,3.0
212,72696,1.5
212,74508,4.0
212,76054,3.5
213,2807,2.0
597,2807,3.0
213,2835,3.0
213,6958,2.5
213,6959,4.5
294,6959,3.5
213,8814,1.0
213,26375,2.5
529,26375,2.5
213,27837,3.0
213,32017,2.5
384,32017,3.5
213,42721,1.0
213,43560,3.0
654,43560,4.5
213,47384,2.5
213,47952,3.0
213,50162,3.0
213,50802,2.5
226,50802,4.0
213,51575,2.5
475,51575,0.5
213,51698,3.0
213,51925,2.0
226,51925,3.5
213,52456,3.5
213,52712,3.0
213,52950,4.0
213,53466,2.5
213,55259,2.5
213,55999,2.5
500,55999,4.0
213,56915,2.5
213,57401,3.5
664,57401,4.0
213,57526,2.5
213,57951,3.0
213,58972,2.5
380,58972,2.5
213,60514,2.5
426,60514,3.0
213,60516,2.5
213,61350,2.5
380,61350,2.0
213,61705,1.5
213,62376,3.0
542,62376,4.5
213,64030,3.0
475,64030,1.0
213,64116,1.0
213,65552,3.5
213,65567,2.5
213,65577,1.5
213,65685,3.0
213,69253,3.0
213,69805,2.5
652,69805,4.0
213,70282,3.5
213,70305,2.5
213,71318,2.5
213,72165,3.5
580,72165,2.5
213,72701,2.5
397,72701,3.0
213,72919,2.5
213,73042,1.5
557,73042,3.0
213,74580,3.0
426,74580,3.5
213,74698,2.0
213,78264,2.0
213,78893,2.0
624,78893,1.0
213,79139,4.0
402,79139,4.0
213,80615,2.0
213,81512,2.5
547,81512,3.5
213,83480,3.0
213,85261,2.5
213,86059,1.0
213,88380,3.5
213,88879,2.5
213,91660,2.5
475,91660,0.5
213,92264,3.0
624,92264,1.0
213,92681,2.5
213,95207,1.5
624,95207,2.0
213,96417,3.0
624,96417,2.0
213,96590,2.5
213,97742,2.5
624,97742,1.5
213,98296,2.5
624,98296,1.5
213,100163,2.5
615,100163,2.0
213,100487,2.5
624,100487,2.0
213,101025,2.5
624,101025,2.5
213,104074,3.0
213,104312,3.0
213,109864,3.5
624,109864,2.0
213,114795,3.5
213,130520,4.0
287,130520,4.0
214,1525,2.0
518,1525,1.0
214,2984,5.0
216,8830,2.0
313,8830,2.5
217,6628,3.0
220,1795,4.0
220,2487,3.0
220,2569,4.0
220,2893,4.0
220,3192,4.0
220,3240,3.0
414,3240,2.0
220,3721,3.0
581,3721,0.5
220,3795,4.0
407,3795,5.0
220,4740,2.0
222,2201,5.0
236,2201,4.0
222,2927,4.0
587,2927,5.0
222,3540,4.0
547,3540,2.0
222,3567,2.0
222,3580,5.0
222,3656,5.0
222,3657,5.0
236,3657,4.0
222,3714,4.0
564,3714,2.0
222,3716,3.0
564,3716,4.0
224,698,3.0
226,37853,3.5
380,37853,3.0
226,50804,1.5
429,50804,3.0
226,65465,4.0
547,65465,2.0
227,2339,3.0
227,2354,1.0
518,2354,4.0
230,48560,4.5
547,48560,3.0
232,961,5.0
232,984,5.0
652,984,4.0
232,1455,5.0
232,1925,5.0
468,1925,3.5
232,2399,1.0
294,2399,3.5
232,2904,3.0
232,3143,4.0
232,3165,5.0
232,3313,3.0
564,3313,4.0
232,3425,3.0
232,3447,5.0
232,3492,4.0
232,6460,4.0
468,6460,4.0
234,6780,4.5
468,6780,4.0
234,7826,5.0
328,7826,3.0
234,45928,4.0
380,45928,3.0
234,56885,3.0
380,56885,3.0
235,3502,4.5
452,3502,4.0
236,2177,3.5
564,2177,5.0
236,2200,4.0
236,4768,4.5
609,4768,1.0
236,5333,4.0
236,5440,4.5
236,5498,4.5
257,5498,5.0
236,5613,3.0
255,5613,3.5
236,6126,4.0
529,6126,4.0
236,6609,4.0
262,6609,2.5
236,6920,4.5
236,7211,4.5
236,7577,4.0
547,7577,0.5
236,7926,4.5
529,7926,4.5
236,8584,4.5
311,8584,3.0
236,8670,4.5
236,25952,4.5
547,25952,4.0
238,33145,3.0
418,33145,4.0
238,90576,3.5
599,90576,5.0
238,105246,4.0
481,105246,4.5
238,109483,3.0
238,148956,4.0
239,476,4.0
239,486,3.0
452,486,2.0
239,656,3.0
390,656,3.0
239,1495,1.0
564,1495,1.0
239,2552,2.0
646,2552,3.0
239,4089,3.0
239,4115,3.0
239,4180,4.0
239,4293,3.0
457,4293,2.0
239,4355,4.0
614,4355,1.0
240,2187,4.0
564,2187,4.0
240,6412,4.5
311,6412,3.0
240,6877,4.0
240,7437,3.0
242,554,3.0
536,554,3.0
242,695,4.0
564,695,4.0
242,2415,4.0
564,2415,4.0
242,3109,4.0
242,3214,4.0
243,5433,3.0
262,5433,2.5
243,6243,3.0
243,7809,3.5
471,7809,3.5
243,8589,4.5
471,8589,4.0
245,4371,1.0
452,4371,3.0
245,6474,2.0
247,487,4.0
518,487,3.0
247,692,2.0
248,4338,5.0
405,4338,4.5
248,4353,4.0
248,4473,4.0
248,4842,4.0
248,4923,4.0
251,72356,5.0
287,72356,4.5
251,95654,3.5
253,37739,3.5
254,184,4.0
564,184,5.0
255,2897,5.0
255,5076,3.5
255,8254,5.0
255,31956,2.5
255,50954,3.5
599,50954,4.0
255,55253,4.0
547,55253,4.5
257,7919,4.5
257,8484,3.5
257,26082,5.0
529,26082,4.0
257,26903,3.0
352,26903,4.5
257,64695,3.0
257,101962,5.0
258,2652,4.0
482,2652,5.0
260,4224,3.0
353,4224,1.5
262,2783,3.0
262,2853,3.0
564,2853,4.0
262,3205,3.0
262,3216,5.0
262,3294,2.5
262,3344,3.5
262,3621,3.5
262,3658,2.0
564,3658,4.0
262,3777,3.5
564,3777,1.0
262,3847,3.0
262,3875,2.5
262,4390,3.0
262,4403,3.0
547,4403,3.0
262,4417,2.5
262,4752,3.5
299,4752,4.0
262,4754,5.0
472,4754,3.0
262,4893,3.0
262,4996,2.5
262,5153,3.0
262,5588,2.5
262,5600,2.5
262,5715,2.5
262,5778,2.5
262,5891,3.0
262,5980,3.5
262,6000,3.0
262,6256,3.5
262,6257,1.5
262,6748,3.0
262,6940,4.0
262,7024,3.0
299,7024,5.0
262,7029,3.0
262,7065,2.5
468,7065,3.5
262,7110,3.0
262,7492,3.0
262,7650,3.0
262,7882,2.5
262,7920,3.0
299,7920,4.0
262,8194,2.5
547,8194,3.0
262,8848,2.0
262,25774,3.0
262,25807,3.0
262,26003,3.5
529,26003,3.5
262,26125,3.5
262,26171,3.0
468,26171,4.5
262,26176,3.0
262,26241,3.5
299,26241,4.5
262,26303,2.0
547,26303,3.0
262,26320,2.5
262,26631,3.0
262,26693,2.0
542,26693,4.5
262,27648,1.5
262,27784,2.0
262,27798,1.0
262,30783,3.0
262,31270,2.5
299,31270,4.5
262,31502,2.5
262,32211,3.5
262,32686,3.0
262,32728,2.5
547,32728,3.5
262,33592,2.5
262,33817,1.0
388,33817,3.5
262,33896,2.5
262,40412,5.0
480,40412,4.5
262,40833,2.5
262,45662,1.0
262,48231,3.5
262,48972,1.0
262,51207,2.5
262,51304,0.5
262,55652,3.0
262,57910,2.5
262,58964,3.0
262,59727,2.5
426,59727,4.0
262,64153,1.0
262,66310,2.0
262,69720,1.5
262,71700,1.5
262,74370,3.0
262,76030,2.0
501,76030,3.5
262,76303,3.0
262,80736,1.5
262,80844,1.0
262,81138,2.5
262,87205,1.5
262,88272,2.0
262,89118,3.0
371,89118,2.0
262,90357,4.0
262,91488,2.5
262,92206,2.0
262,92494,5.0
262,92496,2.5
262,92498,2.5
262,96490,2.0
262,96563,3.0
547,96563,4.0
262,96634,1.0
262,96815,3.0
262,97593,3.5
262,98083,2.0
522,98083,3.0
262,99296,2.0
262,99470,1.5
262,99669,2.5
262,99912,2.5
262,100306,2.5
262,104457,3.5
262,104662,1.5
262,105763,3.0
262,106870,3.0
262,107057,3.0
262,108192,4.0
262,108447,1.5
262,108506,2.5
262,110748,2.5
262,111486,2.0
262,112277,1.5
262,112655,2.5
262,112689,2.5
262,113565,3.0
262,113640,2.5
262,113780,3.0
262,114044,2.5
262,114766,2.0
262,116503,1.5
262,117121,3.0
262,117434,1.5
262,118260,2.5
262,118334,2.0
262,118880,4.0
262,121113,1.0
262,130448,0.5
456,130448,0.5
262,131451,1.0
262,132146,3.0
262,133824,2.0
262,136602,2.0
262,140523,2.5
262,141956,1.0
262,151639,2.5
262,152173,3.0
263,3207,3.0
263,4972,3.0
311,4972,3.5
263,26394,3.0
264,499,3.0
264,4593,2.0
265,2972,1.0
472,2972,4.0
265,3171,4.0
405,3171,4.5
268,8167,3.5
394,8167,1.0
268,27373,3.0
547,27373,4.0
268,31156,3.0
268,65135,3.5
624,65135,3.0
268,83374,1.5
624,83374,3.5
268,85316,4.0
268,85397,1.0
380,85397,2.0
268,86014,3.0
268,86852,3.0
268,88267,4.5
620,88267,2.0
268,89300,3.5
270,48501,4.5
270,80241,3.5
624,80241,2.5
270,81132,4.0
270,108548,3.0
270,114707,3.5
270,115680,3.5
624,115680,3.5
270,117871,3.0
270,135532,2.5
270,139620,4.0
270,147006,3.0
270,147010,4.0
270,147426,3.5
270,148168,4.0
270,149572,3.0
273,105593,4.0
378,105593,4.0
273,107083,4.0
652,107083,5.0
273,107516,3.5
273,116660,4.0
652,116660,4.0
275,59273,5.0
275,60128,4.0
275,74152,5.0
423,74152,4.0
275,79318,4.0
275,93324,5.0
275,95135,3.5
547,95135,4.5
275,97057,5.0
277,133195,3.0
475,133195,1.0
277,136016,4.0
287,136016,5.0
277,141688,2.5
277,146309,4.0
278,401,4.0
278,615,3.0
558,615,4.0
278,759,5.0
388,759,5.0
281,5899,4.0
472,5899,4.0
281,7086,3.0
281,7087,5.0
547,7087,5.0
281,8989,3.0
294,8989,4.0
282,4095,4.0
350,4095,5.0
283,3746,5.0
283,4151,4.5
283,5607,4.0
481,5607,5.0
283,7177,4.0
388,7177,4.0
283,7456,4.5
283,7459,5.0
648,7459,4.5
283,8951,4.0
427,8951,4.0
283,27783,4.0
283,32170,1.5
283,34198,3.0
285,3442,2.0
564,3442,3.0
285,3463,1.0
285,3695,2.0
564,3695,3.0
285,3758,3.0
564,3758,4.0
286,577,3.0
564,577,1.0
286,4045,2.0
287,6163,5.0
287,7374,4.0
287,9001,4.0
287,42191,4.5
287,59392,5.0
287,60674,5.0
287,67295,4.5
287,74282,4.5
547,74282,4.0
287,77435,5.0
287,82173,2.5
287,88345,4.0
287,93061,4.5
287,93265,4.5
287,95313,5.0
287,95377,5.0
287,105468,4.0
287,106011,4.5
287,117192,5.0
402,117192,4.5
287,142997,4.5
624,142997,2.5
287,152017,5.0
287,161944,5.0
291,8341,5.0
587,8341,4.0
292,3078,3.5
558,3078,4.0
293,4584,5.0
293,5069,4.5
346,5069,3.0
294,2031,3.5
564,2031,3.0
294,2039,3.5
294,2691,3.5
468,2691,2.0
294,2874,4.0
387,2874,5.0
294,3166,4.0
294,3399,3.0
294,3611,3.0
294,3612,5.0
294,3673,4.0
564,3673,3.0
294,3759,3.0
564,3759,4.0
294,3775,3.0
294,3901,3.0
380,3901,2.0
294,3921,3.0
564,3921,2.0
294,3922,3.0
605,3922,3.0
294,3924,3.0
294,3964,3.0
665,3964,3.0
294,4068,3.5
624,4068,3.0
294,4141,3.5
652,4141,4.0
294,4142,2.5
294,4169,4.5
294,4402,2.0
294,4511,2.5
294,4663,4.0
294,4743,4.5
558,4743,3.0
294,4774,3.5
598,4774,3.0
294,4818,2.0
294,5038,4.0
294,5109,3.5
294,5305,3.5
294,5354,3.5
452,5354,3.0
294,5361,3.5
294,5372,4.0
404,5372,3.0
294,5375,3.0
427,5375,4.5
294,5538,3.0
294,5539,3.0
294,5629,4.0
582,5629,4.0
294,6124,3.0
294,6182,4.0
294,6245,3.0
311,6245,3.5
294,6260,3.5
311,6260,3.0
294,6266,4.0
599,6266,5.0
294,6355,4.5
311,6355,3.0
294,6387,4.0
294,6390,4.0
311,6390,3.5
294,6414,3.5
294,6423,3.5
311,6423,4.0
294,6454,3.5
452,6454,3.5
294,6536,4.5
294,6568,3.5
427,6568,2.0
294,6665,3.5
294,6703,3.5
294,6723,3.5
294,6999,3.5
294,7080,4.0
547,7080,3.0
294,7082,4.0
294,7122,3.5
547,7122,4.0
294,7142,4.0
547,7142,2.0
294,7165,4.0
547,7165,3.0
294,7186,3.5
294,7228,2.5
294,7369,4.0
475,7369,0.5
294,7720,3.5
577,7720,5.0
294,7790,4.0
294,7822,3.5
311,7822,3.5
294,7888,3.5
294,7916,3.5
311,7916,3.5
294,8015,3.5
294,8196,2.0
547,8196,3.0
294,8263,3.5
311,8263,3.5
294,8385,4.0
311,8385,3.0
294,8460,4.0
311,8460,3.5
294,8482,3.5
311,8482,2.5
294,8525,3.5
547,8525,1.5
294,8574,4.0
394,8574,0.5
294,8712,4.5
547,8712,3.5
294,8986,4.0
294,8988,4.0
294,8999,4.0
294,9000,3.5
294,25971,3.5
546,25971,4.0
294,26386,4.0
624,26386,3.5
294,31026,4.5
294,32381,4.0
294,44613,3.5
295,1324,1.0
295,7449,4.0
452,7449,1.5
295,8884,4.0
295,32302,2.0
297,7843,3.5
297,78321,1.0
298,31660,5.0
580,31660,3.0
298,32460,5.0
298,62115,5.0
298,74727,5.0
339,74727,5.0
298,98615,5.0
298,102666,5.0
298,107412,5.0
298,118468,5.0
298,121126,5.0
298,127052,5.0
298,136449,5.0
298,158956,4.0
299,1137,4.0
299,1652,3.5
547,1652,4.5
299,2864,2.5
652,2864,3.0
299,3221,4.0
470,3221,4.0
299,3459,4.0
564,3459,4.0
299,4500,4.5
299,4518,4.5
609,4518,5.0
299,4612,4.5
587,4612,5.0
299,4863,4.0
299,5275,4.0
468,5275,2.5
299,5473,5.0
299,6021,4.0
547,6021,5.0
299,6114,3.5
299,6121,4.5
299,6132,3.5
299,6465,4.5
299,6730,3.5
299,7764,3.0
299,7878,4.5
299,7889,4.5
299,8126,4.5
299,8189,4.0
299,8240,5.0
299,8800,4.5
388,8800,3.5
299,8872,3.5
299,8892,4.0
299,8893,4.5
299,8923,4.5
547,8923,4.0
299,25744,4.5
299,26164,4.0
299,26655,4.5
299,26749,5.0
299,26809,4.5
299,27322,3.5
299,27792,5.0
299,31682,4.5
299,32515,5.0
299,32735,4.0
299,32797,4.5
299,33021,3.5
299,33138,5.0
427,33138,4.0
299,39659,3.5
299,40226,5.0
299,42900,5.0
299,45521,3.5
299,46544,4.5
299,47465,3.5
299,49902,4.0
299,50011,4.5
299,51380,4.0
299,52831,4.0
299,54785,4.0
299,56079,1.0
299,58520,4.5
299,59339,4.5
299,60384,5.0
299,62764,4.5
299,63836,5.0
299,67957,4.5
547,67957,3.0
299,70994,3.5
299,71390,5.0
299,71494,4.0
299,72109,4.0
299,72880,4.0
299,73531,4.0
299,75349,2.5
299,75823,4.5
299,77291,5.0
299,79203,4.5
299,79686,4.5
299,80217,4.5
299,80553,5.0
299,82150,3.5
299,83829,4.5
299,87884,3.5
299,88106,3.5
299,92424,4.0
299,95113,5.0
299,95115,4.5
299,95752,4.5
303,31284,3.5
303,42351,4.0
303,65665,4.0
303,69849,4.5
303,84506,3.5
304,7300,3.5
547,7300,4.5
304,30846,3.0
304,45172,4.5
304,59731,5.0
427,59731,4.0
304,67508,5.0
544,67508,4.5
306,2254,3.0
306,2257,3.0
564,2257,4.0
306,2848,4.0
306,2884,1.0
306,3393,2.0
306,3531,2.0
306,3846,3.0
309,5768,3.5
309,26513,2.5
309,27899,4.0
380,27899,3.0
309,31923,4.0
529,31923,4.0
311,408,3.0
311,603,3.0
311,962,2.0
387,962,4.0
311,964,2.0
575,964,3.0
311,972,2.5
311,992,2.0
534,992,3.0
311,1026,2.5
311,1397,2.0
452,1397,4.0
311,1417,2.0
311,2079,3.5
311,4360,3.0
575,4360,3.0
311,4462,3.0
311,5601,3.0
311,5644,3.5
547,5644,2.0
311,5718,3.0
311,5836,4.0
311,6092,2.0
311,6225,3.0
311,6227,2.5
311,6231,3.5
328,6231,3.5
311,6239,3.0
328,6239,3.0
311,6276,3.0
311,6314,2.5
624,6314,2.0
311,6315,1.5
624,6315,2.0
311,6356,3.5
311,6386,3.5
311,6424,1.5
624,6424,1.0
311,6429,3.5
311,6431,3.0
311,6432,3.5
311,6446,3.5
311,6458,3.0
311,6468,2.5
311,6470,3.0
311,6484,3.5
311,6498,2.0
311,6521,2.5
311,6522,3.0
311,6527,3.5
311,6562,3.5
311,6585,2.0
311,6613,2.5
405,6613,2.0
311,6630,4.0
311,6636,4.0
367,6636,3.5
311,6718,3.5
621,6718,4.5
311,6735,3.5
547,6735,3.0
311,6788,2.0
547,6788,2.5
311,6797,3.5
547,6797,1.0
311,6813,3.0
547,6813,1.5
311,6822,3.0
311,6829,4.0
311,6856,3.0
547,6856,4.0
311,7059,3.5
311,7085,3.5
311,7178,3.5
311,7198,3.0
311,7207,3.0
311,7250,2.0
311,7283,3.0
581,7283,0.5
311,7305,2.5
311,7311,3.0
311,7357,4.0
547,7357,3.5
311,7394,3.0
547,7394,3.0
311,7702,3.5
311,7782,3.0
652,7782,4.0
311,7787,4.5
311,8009,3.5
311,8039,3.0
452,8039,3.5
311,8057,3.0
311,8187,3.5
311,8190,4.0
405,8190,2.0
311,8268,3.0
457,8268,2.5
311,8463,2.5
311,8487,3.0
547,8487,2.5
311,8524,3.5
311,8612,3.0
547,8612,3.5
311,8616,3.5
311,8617,3.5
547,8617,3.0
311,8657,3.5
311,8672,3.5
311,8695,3.0
311,8718,2.5
311,8745,3.5
311,8772,3.5
547,8772,4.0
311,8819,2.5
311,8820,2.5
311,8821,2.5
311,8850,2.5
311,8920,3.5
311,8921,2.5
311,8929,4.0
311,9004,3.5
311,9005,2.5
311,32139,4.0
312,1123,3.0
472,1123,5.0
312,2499,4.0
564,2499,3.0
313,6927,3.0
452,6927,3.5
313,8576,3.5
648,8576,4.5
313,8831,2.5
313,8963,0.5
313,45210,3.0
547,45210,4.5
314,127098,4.0
315,5788,1.0
315,5958,2.0
315,6012,1.0
315,6014,1.0
315,6154,1.0
316,129428,3.5
624,129428,2.5
318,1133,3.0
324,68099,4.5
324,149532,3.0
328,7395,3.5
328,7697,3.5
330,301,5.0
330,389,4.0
330,1428,5.0
330,1575,5.0
332,5918,3.0
333,5985,3.0
333,50703,5.0
333,74787,3.0
333,89045,4.5
333,141668,5.0
335,6818,4.5
468,6818,4.0
335,55417,3.0
336,4539,3.0
337,1328,1.0
339,5888,4.5
339,104441,3.5
339,104590,4.0
339,121618,3.0
341,6883,4.5
344,53,5.0
344,632,5.0
608,632,4.0
344,981,1.0
346,876,5.0
346,1755,2.0
624,1755,4.0
346,2625,4.0
346,2880,5.0
346,3905,4.5
346,4442,5.0
346,4565,5.0
346,4567,5.0
346,4687,1.0
346,4696,5.0
621,4696,4.5
346,4717,5.0
346,4952,3.0
624,4952,2.0
346,5243,4.0
346,6095,3.0
580,6095,2.5
346,6722,3.5
580,6722,4.0
346,8795,2.5
346,26865,4.5
580,26865,4.5
346,31804,3.5
348,2438,4.0
350,1444,4.0
350,4534,3.0
405,4534,4.5
350,5325,3.0
407,5325,5.0
351,4003,3.0
564,4003,3.0
352,32456,3.0
352,85780,3.0
352,98604,4.0
352,103659,3.5
352,104419,4.5
352,115927,4.0
353,2516,0.5
564,2516,1.0
353,4721,2.5
468,4721,2.5
353,4826,3.0
472,4826,4.0
353,4895,2.5
353,5558,2.5
353,5672,0.5
353,5678,2.0
353,5815,1.0
452,5815,1.0
353,5819,3.5
353,5874,2.5
452,5874,1.0
353,6806,3.0
353,6995,1.0
353,7108,1.5
353,7257,2.5
624,7257,2.0
353,7789,2.0
353,7894,3.5
624,7894,4.5
353,31162,2.0
380,31162,3.0
353,34271,2.0
509,34271,3.5
353,34523,1.0
380,34523,3.5
353,36397,1.5
353,37477,2.5
353,40723,2.0
480,40723,4.0
353,43904,2.5
353,50923,3.0
571,50923,3.0
353,56336,1.0
355,5663,3.0
355,7586,4.0
355,32743,3.5
356,8133,1.5
358,710,1.0
390,710,2.0
358,1602,1.0
564,1602,1.0
358,2098,1.0
564,2098,3.0
358,3043,1.0
358,3497,2.0
564,3497,4.0
358,3622,4.0
547,3622,4.0
362,5643,2.5
362,5684,2.0
363,2486,3.0
363,2775,3.0
491,2775,3.0
363,2894,3.0
436,2894,1.0
363,2939,3.0
547,2939,3.0
364,109249,5.0
366,27251,4.0
571,27251,3.0
366,55732,2.0
367,4626,5.0
367,4632,5.0
367,4680,2.0
367,4706,4.0
367,7093,0.5
367,8689,4.0
367,36509,2.5
367,37720,3.0
596,37720,3.5
370,1756,3.5
370,7379,4.0
371,55498,3.5
371,56633,4.5
371,91690,5.0
371,104303,4.5
522,104303,1.5
371,105585,2.0
371,110352,4.5
371,122888,5.0
371,138208,4.5
624,138208,3.5
371,142448,4.0
624,142448,3.0
372,1067,4.0
373,2246,2.0
373,2589,4.0
509,2589,2.0
374,4284,3.0
374,5324,4.0
377,44225,2.5
599,44225,4.0
377,49647,3.5
382,49647,3.5
377,53974,2.0
473,53974,3.5
378,82931,3.5
378,96373,4.0
378,101741,4.5
380,101741,3.5
378,104863,3.5
402,104863,4.5
378,110645,4.5
378,112804,4.0
624,112804,2.0
378,114265,3.5
378,129653,3.0
378,130580,3.5
378,134569,3.5
380,438,3.0
390,438,3.0
380,1604,3.0
624,1604,3.0
380,2681,3.0
380,2809,1.0
547,2809,2.0
380,2996,2.0
529,2996,4.0
380,8871,3.5
380,8931,3.5
380,8946,2.5
380,26812,4.0
380,27912,4.0
380,33826,4.0
380,34129,2.0
380,34536,4.0
380,38992,3.0
472,38992,3.5
380,39398,3.0
380,40946,4.0
380,48319,2.0
472,48319,3.5
380,49284,3.5
380,51088,4.0
380,51091,4.0
380,55031,4.5
380,55116,4.0
380,58297,2.5
380,58839,2.5
544,58839,4.0
380,59037,2.0
475,59037,3.0
380,70597,2.5
380,71205,3.5
426,71205,3.5
380,71668,2.0
380,72308,4.0
380,74668,3.0
380,75440,4.5
380,78703,3.5
380,79299,2.5
380,80166,2.5
599,80166,3.0
380,80727,4.0
624,80727,2.5
380,80917,3.0
380,81516,4.0
380,82534,3.0
380,83910,2.0
624,83910,2.5
380,84154,4.0
380,84160,3.5
380,85213,4.0
380,87660,4.5
380,89047,3.5
380,89072,3.5
380,90719,3.5
624,90719,2.5
380,91483,2.5
522,91483,1.5
380,91622,2.5
380,92234,2.5
380,92694,3.5
380,93498,4.0
380,94799,4.0
380,94953,2.0
624,94953,2.0
380,98369,3.0
380,99437,3.5
423,99437,2.5
380,100450,3.5
381,2197,3.0
381,2448,1.0
564,2448,3.0
381,4569,1.0
382,5102,4.0
382,6706,2.0
382,8575,2.0
382,32289,5.0
382,34336,3.0
382,39307,4.0
547,39307,2.5
382,41573,5.0
382,42958,3.5
382,43917,3.0
547,43917,3.0
382,45221,2.0
624,45221,2.0
382,46919,4.0
382,48791,5.0
382,58889,3.0
382,59258,3.5
382,78101,2.0
382,78316,4.0
620,78316,3.0
382,79824,5.0
468,79824,3.0
382,80551,1.0
620,80551,4.0
382,80839,5.0
382,89194,3.0
382,91886,4.0
384,990,2.5
384,4200,3.5
384,5915,3.5
624,5915,5.0
384,6800,3.0
384,6835,4.0
384,7448,0.5
384,8799,2.5
384,27851,3.5
384,30848,2.5
384,33688,1.0
384,34520,3.0
624,34520,2.0
384,36533,2.5
384,37382,4.0
388,37382,2.5
384,43932,2.0
384,48142,3.0
384,48518,3.5
426,48518,2.5
384,48596,3.0
384,49314,3.5
384,50147,2.0
384,50442,2.0
384,52460,2.0
384,52717,3.5
384,53999,2.5
384,54787,4.0
384,55261,3.5
522,55261,1.0
384,55272,3.5
426,55272,4.5
387,939,4.0
387,1926,2.0
387,1933,5.0
387,2212,4.0
387,2981,5.0
387,3217,4.0
387,3423,4.0
387,3446,3.0
387,3496,3.0
564,3496,4.0
387,3522,2.0
387,3737,5.0
387,5866,5.0
388,49,3.0
564,49,5.0
388,787,5.0
608,787,4.0
388,2314,3.0
452,2314,4.0
388,2494,4.0
427,2494,4.0
388,2885,4.0
472,2885,3.0
388,2930,4.5
452,2930,3.5
388,3241,3.0
407,3241,4.0
388,3902,4.5
388,4035,4.0
388,4391,4.0
388,4737,2.0
452,4737,3.5
388,5315,2.0
407,5315,4.0
388,5425,2.0
388,5808,2.0
388,6159,1.5
388,6384,3.5
388,6760,4.0
624,6760,3.0
388,7025,4.5
452,7025,3.5
388,8527,3.0
388,32298,3.5
388,49961,3.5
547,49961,3.5
390,1463,4.0
564,1463,5.0
391,96,1.0
392,58107,1.0
393,5917,1.5
394,4350,1.0
394,5637,1.5
394,5850,0.5
394,6077,4.5
394,6600,1.0
394,6644,0.5
394,7058,3.0
394,7762,3.0
394,8711,4.5
468,8711,3.0
394,8777,0.5
394,8964,1.5
394,25737,0.5
394,25826,0.5
394,25874,0.5
547,25874,3.0
394,25901,0.5
394,26009,0.5
394,26188,0.5
394,26268,4.0
394,26342,3.5
394,26366,0.5
529,26366,4.0
394,27351,1.0
394,27857,0.5
394,31921,4.0
394,32280,0.5
468,32280,3.5
394,32464,3.0
394,32844,0.5
394,33760,3.5
394,42783,1.5
394,53038,0.5
394,53737,0.5
394,54910,0.5
394,60137,0.5
394,60990,0.5
394,66019,1.0
468,66019,4.0
394,68884,0.5
394,69974,0.5
394,70846,0.5
587,70846,3.5
394,74327,0.5
394,78122,0.5
394,84312,1.0
397,70344,3.5
401,3934,4.0
402,33830,3.0
624,33830,2.0
402,40581,4.0
599,40581,4.5
402,48520,4.0
402,70663,3.5
402,92509,4.0
402,94325,4.0
402,100527,4.0
402,102720,3.5
624,102720,2.5
402,112006,2.0
402,112767,4.0
402,112897,3.5
402,115147,4.0
402,115664,4.5
402,119155,4.0
624,119155,2.5
402,128512,4.0
663,128512,3.0
402,130087,3.5
402,135137,2.5
624,135137,2.5
402,144620,4.0
402,148652,2.5
403,1349,5.0
564,1349,4.0
404,4885,2.0
452,4885,2.5
405,2207,4.0
405,3822,2.5
609,3822,1.0
405,4806,4.0
587,4806,3.5
405,4861,4.5
405,4933,3.0
405,4947,3.5
452,4947,3.0
405,4957,4.0
405,5097,4.5
547,5097,3.0
405,5383,4.0
405,5622,4.5
405,5796,2.5
542,5796,4.0
405,5799,4.5
452,5799,4.0
405,5873,3.5
405,6032,4.5
472,6032,4.0
405,6078,3.5
463,6078,3.0
405,6166,4.0
405,6219,5.0
441,6219,0.5
405,6261,4.0
405,6405,4.0
577,6405,5.0
405,6426,4.0
405,6447,4.5
405,6518,3.0
405,7774,3.5
405,7832,4.0
405,7835,4.0
547,7835,3.5
405,8675,5.0
406,41336,4.0
406,49394,3.5
468,49394,3.5
406,78903,5.0
406,98126,5.0
406,103444,5.0
547,103444,4.0
407,1504,5.0
564,1504,4.0
407,1870,4.0
407,2388,4.0
407,2837,5.0
407,3158,3.0
539,3158,4.0
407,3161,3.0
407,3790,4.0
407,5632,4.0
648,5632,4.0
407,6268,3.5
671,6268,2.5
408,1919,4.0
518,1919,4.0
409,264,5.0
492,264,4.0
414,439,1.0
414,1507,3.0
452,1507,3.0
414,4181,4.0
414,4527,3.0
414,4550,2.0
414,4559,1.0
414,4578,2.0
414,5646,4.0
547,5646,3.0
414,5834,3.0
414,5969,2.0
417,5428,3.0
417,7152,4.0
417,8730,4.5
417,30883,2.0
418,4347,3.5
418,31427,4.5
418,31903,5.0
418,33085,1.0
664,33085,3.0
423,5826,4.0
423,7924,4.5
423,8142,4.0
423,27397,4.0
423,27592,5.0
423,48817,3.5
423,62378,3.0
423,72781,4.5
423,77907,4.5
423,79136,4.5
423,91947,3.5
423,94024,4.5
423,94939,4.5
423,97744,4.5
423,99795,4.5
426,30894,2.0
452,30894,2.0
426,33587,2.0
547,33587,4.0
426,48159,3.0
426,54270,1.5
426,57223,0.5
426,61167,4.5
426,64032,1.5
426,65601,2.5
426,71490,2.5
426,71573,1.5
426,72043,2.5
475,72043,2.5
426,72479,3.5
426,72762,2.5
426,73168,2.5
426,74115,2.0
426,74156,2.0
426,74868,3.0
426,75341,4.0
620,75341,0.5
426,85572,2.5
427,2839,4.0
427,3289,4.0
452,3289,4.0
427,4236,4.0
547,4236,3.0
427,4252,5.0
427,4375,4.0
427,4766,4.0
427,4897,3.0
427,5685,3.5
427,5875,1.0
547,5875,3.0
427,6244,5.0
587,6244,3.5
427,6329,2.0
427,6772,4.0
587,6772,1.0
427,7932,5.0
427,8813,3.5
547,8813,2.5
427,8979,4.0
547,8979,4.5
427,26599,5.0
427,31689,4.5
427,32025,4.0
427,33838,3.5
427,51418,1.0
427,58191,4.5
501,58191,4.0
427,61357,4.0
547,61357,4.5
427,68347,4.5
648,68347,4.5
427,69458,4.5
547,69458,2.5
427,72386,3.5
648,72386,4.0
427,91673,5.0
427,103137,4.5
522,103137,1.5
427,113275,3.5
427,115174,3.5
428,4822,5.0
428,51127,4.5
429,8915,2.0
430,1757,3.0
547,1757,4.0
430,5828,5.0
430,6864,4.5
505,6864,3.0
430,7818,2.5
430,26509,4.5
430,26915,4.5
430,42013,2.0
457,42013,1.5
430,44840,3.5
430,45442,3.5
430,48522,0.5
431,7079,4.0
547,7079,3.0
431,30850,5.0
509,30850,4.0
434,679,4.0
434,816,3.0
434,1609,3.0
558,1609,3.0
436,755,2.0
436,1669,4.0
436,2573,5.0
436,2776,3.0
439,3848,4.0
439,3900,3.0
439,4043,3.0
547,4043,4.0
439,4046,3.0
575,4046,5.0
439,4048,3.0
439,4529,2.0
547,4529,3.0
439,4849,3.0
439,5675,3.0
441,59,5.0
608,59,3.0
441,1759,4.5
441,5083,4.0
441,5365,4.0
587,5365,3.0
442,6005,4.5
607,6005,4.0
442,27873,4.5
468,27873,2.5
442,43869,4.0
442,46347,4.5
442,64114,4.5
444,4000,3.0
450,3202,5.0
450,64660,5.0
450,79469,5.0
450,80717,5.0
450,99030,5.0
450,107447,5.0
450,107649,5.0
450,129313,5.0
450,141886,5.0
450,148372,5.0
450,153584,5.0
452,119,3.0
452,460,2.0
516,460,3.0
452,726,3.0
616,726,3.0
452,1054,2.0
605,1054,1.0
452,1169,4.0
452,1442,3.0
564,1442,2.0
452,1767,2.0
652,1767,4.0
452,1896,3.0
452,2007,2.0
452,2237,3.0
609,2237,1.0
452,2276,3.0
472,2276,3.0
452,2812,3.0
452,3449,3.0
564,3449,4.0
452,3784,3.0
665,3784,3.0
452,3951,3.5
452,4077,4.0
452,4109,1.0
665,4109,3.0
452,4136,2.0
452,4162,1.0
452,4171,4.0
452,4215,1.0
452,4274,3.0
575,4274,2.0
452,4279,4.0
547,4279,2.0
452,4300,3.0
618,4300,2.0
452,4644,3.5
452,4690,3.5
547,4690,1.0
452,4810,4.0
547,4810,4.0
452,4836,3.0
575,4836,3.0
452,4851,4.0
452,4925,3.0
575,4925,1.0
452,5023,4.0
452,5051,2.5
648,5051,4.0
452,5186,2.0
547,5186,3.0
452,5238,4.5
547,5238,5.0
452,5241,2.0
609,5241,1.0
452,5246,1.0
624,5246,2.0
452,5248,1.0
624,5248,1.5
452,5353,2.0
452,5398,4.0
529,5398,4.5
452,5619,3.5
452,5642,4.0
452,5667,2.5
599,5667,4.0
452,5787,2.0
452,5832,1.0
581,5832,0.5
452,5963,3.5
547,5963,3.5
452,6335,1.5
452,6449,4.0
452,6639,4.0
547,6639,4.5
452,6751,0.5
452,6770,3.5
652,6770,5.0
452,6779,3.5
587,6779,4.0
452,6840,3.5
452,6892,2.5
452,6896,3.5
452,6950,2.5
452,6963,4.0
452,7095,2.5
452,7096,5.0
468,7096,3.0
452,7217,3.5
547,7217,4.0
452,7450,2.0
452,7705,3.5
452,8147,4.0
547,8147,3.0
452,8332,3.5
452,8362,2.5
452,8753,4.0
452,8987,4.0
547,8987,3.0
452,25891,2.5
505,25891,3.0
452,26085,3.0
452,31035,4.5
529,31035,2.0
452,31700,2.5
452,32369,3.0
547,32369,4.0
456,106471,5.0
456,106473,3.5
456,106762,4.0
456,107081,4.5
457,886,1.5
457,5002,3.5
580,5002,2.0
457,7012,2.0
457,7026,2.0
457,26726,2.5
457,32914,3.0
457,56805,3.0
547,56805,4.5
457,78039,3.0
547,78039,4.5
457,82035,2.5
457,88954,1.5
457,95740,0.5
457,102684,4.0
457,102905,3.0
457,103813,2.5
457,106236,3.0
457,106330,1.5
624,106330,2.0
457,110110,3.0
457,120392,2.5
457,126106,3.5
457,128520,1.0
624,128520,3.0
457,133295,2.5
457,145307,2.5
457,145775,3.0
457,152025,2.5
461,1621,3.0
575,1621,3.0
461,5754,2.0
461,6476,3.0
624,6476,3.0
461,6983,3.5
461,8722,1.0
461,42728,3.0
461,42730,3.0
463,4543,3.0
467,341,4.0
564,341,5.0
467,2062,3.0
493,2062,1.0
468,620,2.5
492,620,4.0
468,963,3.0
575,963,3.0
468,1076,3.5
470,1076,4.0
468,2035,3.0
468,2210,4.0
468,2221,4.0
468,2727,3.0
547,2727,4.0
468,3002,3.5
608,3002,4.0
468,3136,3.0
605,3136,3.0
468,3140,4.0
468,3232,4.0
468,3309,4.5
554,3309,4.0
468,3314,2.5
468,3640,3.0
648,3640,3.5
468,4405,4.5
468,4515,3.5
547,4515,3.0
468,4998,3.0
468,5001,3.5
468,5059,4.5
468,5202,3.0
609,5202,1.0
468,5288,4.0
547,5288,4.0
468,5404,3.0
587,5404,4.0
468,5434,3.5
547,5434,3.5
468,5604,4.0
468,5914,4.5
472,5914,4.0
468,6148,3.0
468,6198,3.5
468,6400,3.5
547,6400,3.0
468,6408,3.0
468,6513,3.0
468,6579,3.0
468,6739,2.5
468,7043,3.5
481,7043,5.0
468,7074,4.5
468,7195,3.5
468,7196,3.0
468,7238,4.0
468,7309,4.0
468,7407,2.5
468,7897,3.0
468,7914,4.0
468,7939,3.0
468,8235,4.0
468,8257,3.0
468,8267,3.5
468,8336,3.5
468,8423,3.0
468,8511,4.5
648,8511,4.0
468,8609,4.5
468,8684,4.0
468,8700,3.0
468,8797,4.5
468,8840,2.5
468,8882,3.0
547,8882,3.5
468,25752,4.0
468,25755,3.5
468,25764,4.5
468,25839,3.5
468,25916,2.5
468,25993,2.5
468,26122,3.5
468,26302,3.5
468,26313,4.0
547,26313,3.5
468,26391,2.5
547,26391,1.5
468,26400,4.5
468,26414,3.5
468,26850,3.0
468,27334,3.5
468,27816,2.5
468,30723,4.0
468,30818,2.5
468,30892,3.5
468,31547,4.5
468,31549,4.0
468,31737,3.0
547,31737,3.5
468,31770,3.0
468,32160,3.5
468,32371,3.0
547,32371,4.0
468,32882,3.0
547,32882,2.5
468,33312,4.0
468,33380,3.5
468,34583,3.0
468,36553,3.0
468,37785,3.0
468,42163,3.5
519,42163,5.0
468,42681,3.5
468,44587,4.5
587,44587,3.5
468,44671,3.0
468,45837,4.0
547,45837,1.5
468,46664,3.5
468,47152,3.5
481,47152,5.0
468,47287,3.5
468,47714,3.0
468,48198,3.0
468,48301,4.0
468,49225,3.5
468,50259,4.0
468,51044,4.0
468,52241,3.0
547,52241,4.0
468,54419,3.0
468,54426,3.5
468,55063,3.5
547,55063,5.0
468,55071,3.0
468,55687,3.0
468,57972,4.0
468,59832,3.0
468,59846,3.5
468,62383,3.5
468,65638,4.0
468,67504,5.0
468,69241,2.5
468,69604,2.5
624,69604,3.0
468,70488,3.5
468,70927,3.0
468,71525,3.0
468,71650,4.0
468,72176,3.0
468,72626,3.0
468,72647,4.5
468,73276,3.0
468,73572,3.0
468,77359,3.0
468,78517,3.0
547,78517,3.0
468,78829,3.0
468,80572,2.5
468,80599,4.5
468,81910,3.0
468,82934,3.0
468,83096,3.5
468,83318,5.0
468,83322,4.0
468,83359,5.0
468,83361,3.5
468,83411,5.0
468,83603,3.5
469,72612,2.5
470,7051,4.0
470,25763,2.0
470,26265,3.5
471,2214,3.5
471,3849,4.0
471,5830,3.5
471,8404,4.0
471,26007,4.5
471,26393,3.5
471,27075,3.0
557,27075,2.5
471,39052,3.0
471,43391,3.0
471,44301,4.0
471,44317,2.0
471,66246,4.5
581,66246,0.5
472,449,4.0
514,449,3.0
472,659,4.0
587,659,4.5
472,769,3.0
472,1310,4.5
472,1796,2.0
472,1861,2.0
472,2609,3.0
580,2609,4.0
472,2627,5.0
472,2824,5.0
609,2824,1.0
472,3057,3.0
624,3057,4.0
472,3133,5.0
585,3133,3.0
472,3718,5.0
609,3718,1.0
472,3913,4.0
605,3913,3.0
472,3947,5.0
472,4197,4.0
472,4562,5.0
609,4562,1.0
472,4698,4.0
472,4711,5.0
472,5018,3.0
472,5022,4.0
472,5226,3.5
472,5256,2.0
472,5285,3.0
472,5825,4.0
472,5965,3.0
472,5993,3.0
472,6042,4.0
472,6185,2.0
472,6368,4.5
472,26172,4.0
584,26172,4.0
472,32582,4.0
547,32582,4.0
472,32632,4.0
472,45440,3.5
571,45440,4.0
473,86548,5.0
624,86548,3.5
473,90403,3.0
473,90890,1.0
624,90890,2.0
474,1903,4.0
652,1903,5.0
475,27423,3.0
481,27423,5.0
475,33158,1.0
475,51939,2.0
475,58655,1.5
475,77206,2.5
475,89030,2.5
664,89030,3.0
475,90524,2.0
475,92938,1.0
475,93766,0.5
624,93766,1.5
475,96691,2.0
475,96863,1.5
475,112911,2.0
563,112911,3.5
480,27867,4.0
480,33672,3.5
480,44511,4.0
480,50445,3.5
480,62644,3.0
501,62644,3.5
480,65088,4.0
480,65216,5.0
480,74740,3.5
648,74740,3.5
480,90888,3.0
615,90888,2.5
481,702,5.0
481,3560,4.0
481,5179,5.0
609,5179,1.0
481,5560,4.5
481,7071,4.0
547,7071,2.5
481,26094,5.0
481,26574,4.0
481,31973,5.0
481,32444,4.0
547,32444,2.5
481,42677,4.5
481,44717,3.0
481,49299,4.0
481,50842,4.0
481,56869,5.0
481,57038,5.0
481,59805,4.0
481,63179,4.5
481,64278,5.0
481,68872,4.0
481,71433,4.5
481,71755,5.0
481,72683,4.0
481,85394,4.5
481,86626,4.0
481,88682,4.0
547,88682,4.0
481,89000,3.5
481,89356,3.5
481,90863,4.5
481,92163,4.0
481,96020,4.0
481,96832,5.0
481,97230,5.0
481,98963,5.0
481,100106,4.5
481,103210,3.5
481,108873,3.5
481,111235,3.5
481,112062,4.0
481,112070,4.0
481,129191,4.0
481,130980,4.5
481,131830,4.0
481,138696,5.0
481,138698,4.5
482,1355,4.0
564,1355,1.0
482,2635,5.0
547,2635,3.0
482,2636,5.0
482,2637,4.0
482,2638,3.0
482,2647,5.0
482,2649,5.0
482,2650,5.0
482,2651,5.0
547,2651,4.0
482,2653,2.0
482,2781,3.0
564,2781,3.0
485,8823,3.0
486,7206,4.0
486,7947,4.0
486,144976,5.0
488,27186,4.5
491,2758,4.0
492,77,4.0
564,77,4.0
492,559,5.0
492,573,1.0
492,681,3.0
492,690,4.0
492,721,4.0
492,793,4.0
492,820,5.0
492,854,4.0
492,1174,3.0
492,1369,3.0
564,1369,2.0
492,1415,3.0
564,1415,4.0
492,1654,4.0
605,1654,3.0
492,1733,2.0
496,528,3.0
624,528,2.0
500,4748,1.5
500,62718,4.5
500,63239,1.5
547,63239,3.5
500,63393,2.5
624,63393,1.0
500,69945,2.5
501,2483,0.5
564,2483,5.0
501,25911,3.0
501,43267,5.0
501,46559,4.0
501,59143,3.0
501,60649,1.0
501,71131,3.5
501,74624,3.5
501,77798,2.5
501,78729,2.0
547,78729,2.5
501,80026,4.5
501,82037,3.0
502,1454,3.0
504,1878,3.0
504,2190,2.0
505,4798,3.0
575,4798,4.0
505,6228,3.0
529,6228,3.5
505,7050,3.5
505,7055,3.5
505,50160,4.0
509,567,3.0
564,567,5.0
509,864,4.0
564,864,3.0
509,889,4.0
509,987,3.0
509,1145,3.0
509,1482,3.0
564,1482,3.0
509,1501,3.0
509,1631,3.0
534,1631,4.0
509,1660,3.0
547,1660,3.0
509,1910,4.0
509,2323,2.0
509,2437,3.0
509,2441,3.0
547,2441,3.0
509,2481,4.5
510,2481,3.0
509,2674,3.0
509,3180,2.0
509,3302,4.0
509,3860,3.0
509,3880,4.0
509,4761,3.5
509,4782,4.0
609,4782,1.0
509,4961,3.0
509,5258,4.0
509,5868,4.0
509,6279,4.0
509,6306,4.0
509,6339,4.5
587,6339,3.5
509,8364,2.5
547,8364,4.0
509,8927,3.0
596,8927,3.0
510,84,4.0
510,696,3.0
608,696,1.0
510,845,5.0
510,1040,4.0
512,126548,3.0
514,38,1.0
624,38,3.0
515,69280,4.0
516,251,3.0
518,564,3.0
518,840,3.0
564,840,4.0
518,885,2.0
518,1433,3.0
518,1473,3.0
608,1473,1.0
518,1812,3.0
564,1812,3.0
518,1854,4.0
518,1874,3.0
518,1902,1.0
609,1902,1.0
518,2244,3.0
518,2292,4.0
518,2464,3.0
564,2464,2.0
518,2559,3.0
605,2559,2.0
518,2566,3.0
518,2751,4.0
564,2751,3.0
518,2786,2.0
564,2786,3.0
518,2898,3.0
564,2898,4.0
518,3029,3.0
564,3029,4.0
518,3048,3.0
564,3048,4.0
519,5101,5.0
519,7302,5.0
519,102217,5.0
519,118890,5.0
519,120805,5.0
519,128846,5.0
519,129514,5.0
519,130970,5.0
519,136445,5.0
519,136447,5.0
519,140265,5.0
520,4073,1.0
522,5710,2.5
522,26322,3.5
522,26732,4.0
522,66744,4.0
522,81831,4.0
522,91628,1.5
624,91628,2.0
522,93287,3.5
624,93287,3.0
522,95949,3.5
522,96448,3.5
624,96448,1.5
522,97168,2.5
522,101531,2.0
547,101531,1.5
522,103984,2.0
523,4568,4.0
523,6506,4.0
523,48061,4.5
524,59721,4.0
524,60857,4.0
524,71810,2.0
525,651,1.0
525,2526,3.0
525,2656,3.0
564,2656,4.0
526,39427,4.5
527,8208,5.0
528,808,3.5
605,808,3.0
529,2074,4.0
529,2493,3.5
529,3719,2.0
529,4194,4.0
547,4194,3.0
529,4298,3.5
587,4298,4.0
529,4801,4.5
547,4801,4.5
529,4920,5.0
547,4920,3.5
529,5142,4.0
529,5986,3.5
547,5986,3.0
529,6031,3.0
547,6031,3.5
529,6247,4.0
547,6247,4.0
529,6416,3.5
529,6467,4.0
529,8016,2.5
547,8016,2.0
529,8785,3.5
529,25792,3.5
529,25825,3.5
547,25825,4.0
529,25898,3.5
529,26208,4.0
529,26324,3.5
529,26325,4.0
529,26788,3.5
529,27741,4.0
580,27741,4.5
529,31522,4.0
547,31522,1.5
529,32234,4.5
547,32234,4.0
529,34552,4.0
584,34552,3.5
529,46855,3.5
529,53024,4.0
547,53024,4.5
529,112460,1.5
624,112460,2.5
531,61361,3.0
533,2377,2.0
564,2377,3.0
534,626,2.0
534,1582,4.0
564,1582,3.0
537,875,4.0
564,875,4.0
542,3945,4.0
542,4241,2.5
544,31413,5.0
544,61013,5.0
544,64321,4.5
544,64499,5.0
648,64499,4.0
544,64501,5.0
648,64501,4.0
544,75983,4.0
544,108709,5.0
544,121491,4.5
544,126430,5.0
547,746,2.0
547,1068,3.5
547,1152,3.0
547,1153,3.0
547,1154,1.0
547,2049,2.5
547,2056,3.5
547,2260,2.0
564,2260,2.0
547,2631,3.0
547,2755,2.0
564,2755,5.0
547,2878,1.0
564,2878,3.0
547,3121,3.5
547,3211,4.0
564,3211,4.0
547,3292,3.5
547,3343,1.0
564,3343,4.0
547,3377,3.5
547,3380,2.5
547,3731,4.0
564,3731,4.0
547,4098,3.0
605,4098,3.0
547,4108,4.0
547,4123,3.0
547,4175,3.0
547,4183,3.0
547,4185,4.0
547,4281,3.0
547,4332,2.0
547,4392,2.0
547,4414,3.5
547,4426,4.0
547,4428,5.0
547,4433,3.5
609,4433,1.0
547,4523,3.0
587,4523,4.0
547,4555,2.0
547,4590,3.5
547,4606,2.0
547,4659,4.0
547,4667,2.0
547,4674,1.0
547,4684,0.5
547,4692,3.0
547,4716,1.0
547,4831,3.0
547,4840,2.0
547,4859,1.0
547,4927,4.5
547,4948,1.5
547,4999,4.0
587,4999,4.0
547,5004,3.0
547,5033,2.0
547,5087,3.0
547,5088,4.5
547,5098,3.0
547,5119,4.0
547,5199,3.0
547,5242,1.5
547,5384,4.0
547,5450,2.5
547,5521,0.5
547,5638,3.0
547,5641,4.0
547,5777,4.0
547,5795,3.5
547,5936,3.0
547,5966,2.5
547,6047,3.5
547,6051,3.0
648,6051,4.0
547,6064,3.5
547,6100,2.5
547,6105,3.0
547,6109,0.5
547,6133,4.5
547,6230,3.5
587,6230,3.5
547,6341,3.0
652,6341,4.0
547,6410,3.0
624,6410,3.0
547,6528,3.5
547,6603,3.0
547,6629,3.5
547,6671,0.5
547,6676,3.0
547,6684,2.5
547,6728,2.5
547,6851,3.5
547,6906,2.5
547,6964,3.5
547,6992,3.0
547,7020,4.0
547,7023,3.0
547,7067,3.0
547,7083,2.5
547,7111,4.5
547,7125,3.5
547,7126,4.5
547,7130,4.0
547,7131,3.5
547,7180,4.0
547,7182,3.0
547,7190,4.0
547,7219,4.0
547,7222,3.0
547,7248,3.0
547,7266,3.5
580,7266,3.0
547,7354,3.0
547,7358,2.5
547,7415,2.5
547,7571,4.0
547,7583,3.5
547,7585,2.0
547,7613,3.0
547,7620,4.0
547,7636,1.0
547,7815,1.5
547,7872,2.5
547,7881,3.5
547,7883,3.0
547,7921,3.0
547,7922,2.5
547,7935,4.0
547,7946,1.5
547,7948,4.0
547,7958,3.5
547,7959,3.5
547,7995,3.0
547,8003,2.0
547,8033,3.0
620,8033,3.0
547,8044,4.0
587,8044,3.5
547,8056,2.5
547,8123,5.0
547,8137,3.5
624,8137,0.5
547,8261,5.0
547,8266,2.5
547,8331,3.5
547,8388,4.0
547,8392,2.0
547,8410,4.0
547,8420,4.0
547,8422,3.0
547,8459,4.0
547,8462,2.5
547,8465,2.5
547,8571,2.5
587,8571,3.5
547,8572,4.5
547,8583,2.5
547,8625,3.0
547,8650,3.5
587,8650,5.0
547,8724,3.5
587,8724,4.0
547,8725,2.5
547,8727,1.5
547,8752,4.0
547,8761,3.5
547,8763,1.5
547,8768,3.5
547,8828,3.0
547,8851,2.0
547,8853,2.5
547,8903,3.5
547,9012,4.0
547,25773,4.0
547,25795,4.0
547,25828,4.0
547,25841,2.5
547,25842,3.5
547,25856,4.0
547,25865,4.0
547,25882,4.5
547,25886,4.0
547,25900,3.5
547,25904,3.5
547,25906,2.5
547,25920,3.5
547,25929,4.0
547,25930,3.5
547,25940,2.5
547,25941,4.0
547,25945,4.5
547,25965,2.0
547,25972,4.0
547,25996,4.5
547,25999,4.5
547,26010,3.0
547,26013,2.5
547,26079,4.0
547,26086,4.0
547,26093,3.5
547,26117,3.5
547,26147,4.5
547,26157,0.5
547,26163,4.0
547,26180,3.5
547,26199,4.0
547,26229,3.5
547,26251,4.0
547,26271,4.0
547,26323,4.5
547,26338,3.0
547,26346,3.0
547,26349,3.5
547,26350,4.5
547,26371,2.5
547,26404,2.5
547,26430,1.0
547,26435,2.5
547,26467,1.0
547,26485,0.5
547,26487,2.0
547,26501,5.0
547,26505,4.5
547,26581,2.0
547,26622,3.5
547,26689,2.0
547,26694,4.0
547,26731,4.0
547,26737,4.0
547,26775,1.5
547,26782,3.0
547,26784,3.0
547,26797,5.0
547,26835,3.5
547,26838,3.5
547,27802,4.0
547,27812,4.5
547,31104,3.0
547,31109,3.0
547,31747,0.5
547,31963,3.5
547,32022,3.0
547,32203,4.0
547,32349,3.0
547,32943,4.0
547,33358,4.0
547,33912,4.0
547,33917,4.0
547,34002,2.5
547,34018,3.0
624,34018,3.0
547,34359,3.5
547,34364,3.0
547,34608,3.0
547,36152,3.0
547,37211,2.5
624,37211,3.0
547,37277,1.0
547,37855,3.0
547,38994,2.0
547,39419,2.5
547,39779,3.5
547,39941,4.0
547,40817,2.5
547,41714,3.5
547,42740,2.5
547,43333,4.0
547,43351,3.0
547,43635,4.0
547,43708,3.5
547,43910,4.0
547,44073,2.0
547,44421,4.0
547,44759,1.5
547,44864,2.5
547,44911,2.0
547,45179,3.5
547,45382,3.0
547,45679,4.0
547,45942,4.0
547,45987,4.0
547,46561,3.0
547,47092,4.5
547,47196,1.5
547,47261,3.0
547,47330,1.0
547,47493,3.0
547,47606,3.0
547,47894,2.0
547,47978,4.0
547,48262,3.5
624,48262,4.0
547,48268,4.0
547,49220,3.5
624,49220,2.5
547,49910,2.5
547,50245,4.5
547,51773,3.0
547,52378,2.5
547,52913,4.0
547,53133,2.5
547,53887,5.0
547,54220,4.0
547,54513,4.0
547,55078,4.0
547,55156,4.0
547,55757,2.5
547,55851,3.5
547,55895,3.5
547,57418,3.5
547,57430,3.5
547,58365,4.0
547,58649,5.0
547,58904,3.5
547,59180,4.0
547,59669,3.0
547,60135,4.0
547,60343,2.5
547,61634,3.5
547,63629,4.0
547,64229,3.5
547,64338,2.5
547,64990,3.0
547,65418,2.5
547,66200,2.5
547,66686,3.5
547,67429,4.0
547,68536,4.0
547,68614,2.5
547,69559,4.0
547,69654,4.0
547,69821,1.5
547,69908,4.0
547,70188,2.5
547,70201,3.5
547,70418,3.0
547,70751,2.5
547,71404,4.0
547,71804,2.5
547,72131,4.0
547,72169,3.0
580,72169,3.5
547,72367,4.5
547,73323,3.5
624,73323,3.5
547,73469,3.0
547,73854,3.5
547,74089,5.0
547,74630,3.0
547,75990,4.5
547,76763,3.0
547,77421,3.5
624,77421,2.5
547,77808,2.5
547,78111,2.0
547,78116,3.5
624,78116,3.5
547,78653,3.5
547,78967,4.0
547,80346,3.5
547,81641,3.5
547,81898,0.5
547,82378,3.0
624,82378,2.5
547,83332,4.0
547,84098,3.5
547,84847,4.0
610,84847,4.0
547,85016,3.5
547,86487,5.0
547,86864,4.0
547,86982,2.0
547,87218,3.5
547,87383,3.0
547,87598,3.0
547,88024,2.5
547,88235,4.0
547,89203,4.0
547,89260,4.0
547,89321,2.0
547,89408,3.0
547,89678,3.5
547,89881,4.0
547,90057,4.0
547,90717,3.0
624,90717,3.0
547,91134,3.0
547,91286,4.0
547,91582,2.5
547,91610,2.0
547,91890,3.5
547,92756,2.5
547,93432,3.0
547,93700,4.0
547,94266,3.0
624,94266,2.5
547,94931,4.5
547,95583,3.0
624,95583,2.5
547,96075,5.0
547,96314,3.5
547,96565,1.5
547,96792,3.5
547,96849,3.0
547,96901,4.0
547,97254,3.5
547,97395,4.0
547,97639,3.5
547,97817,4.0
547,97936,3.0
624,97936,3.0
547,97994,3.5
547,98441,4.0
547,98458,2.0
547,98473,3.5
547,98611,3.0
547,98795,4.0
547,98803,3.0
547,99085,2.5
547,99089,4.0
547,99220,3.0
547,99270,2.5
547,99273,2.5
547,99276,2.5
547,99741,3.5
547,99839,4.0
547,101088,2.0
547,101106,3.0
547,101850,5.0
547,101904,3.5
547,102396,3.5
547,102588,4.0
547,103107,4.0
547,103671,2.5
547,104119,5.0
547,104321,2.5
547,104339,4.0
547,104595,4.0
547,104597,3.5
547,104757,4.0
547,105211,3.5
624,105211,3.5
547,105731,3.5
615,105731,3.5
547,106004,3.5
547,106397,2.5
547,106452,3.5
547,107042,4.0
547,107382,3.0
547,108076,2.0
547,109161,4.0
547,109205,4.0
547,109740,3.0
547,110194,4.0
547,110453,3.0
547,110752,4.5
547,110858,1.5
547,111384,3.5
615,111384,4.0
547,111795,3.5
624,111795,3.0
547,112334,3.5
547,112399,4.5
547,112450,2.0
547,112577,5.0
547,112582,4.0
547,112653,4.0
547,112735,4.5
547,112850,2.5
547,112921,4.0
547,113207,4.0
547,113220,3.0
547,113938,3.5
547,114082,4.0
547,114122,3.5
547,114464,5.0
547,114601,3.5
624,114601,2.0
547,115231,3.5
624,115231,4.0
547,116012,4.0
547,116136,2.5
547,117456,3.5
547,118898,4.0
547,118924,2.5
624,118924,3.0
547,118985,3.0
624,118985,3.5
547,120821,4.5
547,127114,4.0
547,127158,3.5
547,127164,4.5
547,127178,3.5
547,128606,4.5
547,129364,2.0
547,130351,4.0
547,132074,4.0
547,132496,3.5
547,132888,3.5
547,133645,4.0
547,134025,3.0
547,134881,4.0
624,134881,4.0
547,135508,3.5
547,136018,3.5
547,138258,3.0
547,140247,4.0
547,140816,3.5
547,141749,4.0
547,142192,3.5
547,142258,1.5
547,143377,3.5
547,143657,2.0
547,146682,3.5
547,147845,3.5
547,148238,3.0
547,150856,5.0
547,151307,4.5
547,156387,4.0
547,160656,3.5
547,160718,4.0
547,161084,2.5
547,163949,5.0
551,336,3.0
553,118105,4.0
554,4521,4.0
555,114,3.0
555,582,4.0
557,2152,3.5
564,2152,1.0
557,6624,2.0
557,59429,4.0
584,59429,2.5
557,80748,4.5
558,2998,4.0
558,3055,3.0
608,3055,4.0
558,3116,4.0
558,3855,4.0
587,3855,3.5
558,4131,4.0
558,4201,5.0
562,49013,1.0
563,62331,4.5
563,88932,1.0
563,92210,5.0
563,92954,3.0
563,106873,3.5
563,107314,4.0
563,109742,4.5
563,110873,5.0
564,108,4.0
564,131,2.0
564,137,1.0
564,183,5.0
564,189,4.0
564,244,3.0
564,325,3.0
564,447,4.0
564,526,1.0
564,561,3.0
564,565,4.0
609,565,5.0
564,571,4.0
564,614,2.0
609,614,1.0
564,775,2.0
564,831,4.0
608,831,3.0
564,980,1.0
564,1053,2.0
564,1151,4.0
564,1168,3.0
564,1312,5.0
564,1325,1.0
564,1329,3.0
564,1335,4.0
564,1458,3.0
564,1465,4.0
564,1493,4.0
564,1531,5.0
564,1543,5.0
564,1549,2.0
564,1550,3.0
564,1640,1.0
564,1657,3.0
564,1696,2.0
564,1715,3.0
564,1728,4.0
564,1731,1.0
564,1771,5.0
564,1822,3.0
564,1891,2.0
564,1980,3.0
564,1986,4.0
626,1986,3.0
564,1989,2.0
564,1990,3.0
564,2047,4.0
564,2055,4.0
564,2189,4.0
564,2215,4.0
564,2256,4.0
564,2295,4.0
587,2295,4.0
564,2350,3.0
564,2479,2.0
564,2515,2.0
564,2519,2.0
564,2534,3.0
564,2586,4.0
564,2655,3.0
564,2754,3.0
564,2766,4.0
564,2767,2.0
609,2767,1.0
564,2800,3.0
564,2850,2.0
564,2855,4.0
564,2945,5.0
564,2982,5.0
564,2992,4.0
564,3021,5.0
564,3041,3.0
564,3190,1.0
564,3239,4.0
564,3281,5.0
564,3282,4.0
652,3282,4.0
564,3331,4.0
564,3339,3.0
564,3351,3.0
564,3402,4.0
564,3431,3.0
605,3431,2.0
564,3465,4.0
564,3491,4.0
564,3495,4.0
564,3518,2.0
564,3587,4.0
564,3605,1.0
575,3605,2.0
564,3619,3.0
564,3659,3.0
564,3661,3.0
564,3662,3.0
564,3663,3.0
564,3664,3.0
564,3665,4.0
564,3692,4.0
580,3692,3.0
564,3757,5.0
564,3805,4.0
564,3820,1.0
564,3832,3.0
564,3837,5.0
564,3838,2.0
564,3839,1.0
564,3851,5.0
564,3923,4.0
564,3938,4.0
564,3939,3.0
564,3940,3.0
564,3941,4.0
564,3942,3.0
564,3960,3.0
564,3971,4.0
564,5649,3.0
598,5649,3.0
571,8977,4.0
596,8977,3.0
572,34435,4.5
572,132952,4.0
575,148,4.0
575,1555,4.0
575,1928,3.0
575,2400,2.0
575,3025,3.0
575,3487,3.0
575,3602,2.0
575,3870,3.0
575,3985,3.0
575,4189,4.0
656,4189,5.0
575,4319,3.0
575,4324,3.0
575,4337,3.0
575,4401,4.0
575,4411,3.0
575,4610,3.0
575,4804,3.0
575,4854,2.0
575,5039,2.0
575,5057,2.0
575,5063,2.0
575,5079,3.0
575,5167,4.0
575,5227,1.0
575,5230,4.0
575,5231,4.0
575,5232,4.0
575,5233,4.0
575,5234,4.0
575,5301,5.0
576,4445,3.0
581,4445,0.5
576,4453,3.0
592,4453,1.0
577,4981,4.5
624,4981,4.0
577,5182,3.5
577,7355,5.0
578,89388,0.5
624,89388,1.5
579,55250,3.5
624,55250,2.0
579,91104,4.5
620,91104,0.5
580,4101,4.5
580,4541,3.0
580,5041,3.0
580,5042,1.0
580,6966,2.5
652,6966,4.5
580,6991,3.5
580,7192,2.0
580,7307,4.0
580,7738,3.5
582,7738,4.0
580,7892,2.0
580,7951,2.5
580,8138,3.0
624,8138,0.5
580,25995,3.5
580,26005,3.5
580,26012,3.5
580,26317,2.0
580,26413,4.0
580,26702,4.0
580,26886,3.0
580,27441,3.0
580,32395,3.0
580,42946,3.0
580,43832,3.0
580,46772,2.0
580,47810,1.0
624,47810,1.0
580,50005,2.0
624,50005,2.5
580,51709,4.0
664,51709,4.0
580,59935,3.5
580,60760,3.5
664,60760,3.5
580,61026,4.0
580,61210,2.5
580,66427,3.5
580,68486,4.0
580,72224,4.0
624,72224,1.0
580,72630,3.5
580,73488,2.5
580,73741,2.0
580,74438,2.0
581,1311,0.5
581,2191,0.5
581,3883,0.5
581,4753,0.5
581,5117,0.5
581,5278,0.5
581,5413,0.5
581,5864,0.5
581,7204,0.5
581,7312,0.5
581,32153,0.5
581,46574,0.5
581,54768,0.5
581,61465,0.5
584,6771,1.0
584,27724,5.0
584,27871,3.0
584,32666,1.0
584,36931,5.0
584,51927,3.0
584,59016,3.0
664,59016,3.0
584,74450,4.0
599,74450,3.5
585,3349,4.0
587,2342,3.0
587,2708,4.0
587,3976,4.0
587,4173,3.5
587,6035,4.5
587,6056,4.0
587,6073,4.0
587,6828,4.0
587,7208,5.0
587,7299,4.0
587,8121,5.0
587,8143,3.5
587,8591,3.5
587,8779,4.0
587,8954,3.5
587,25852,5.0
587,26663,4.0
587,27768,3.5
587,32591,4.0
587,38384,3.5
587,47728,5.0
595,2284,5.0
596,1671,3.5
596,4640,2.5
596,7352,4.0
596,8070,3.5
596,8713,3.5
596,27876,3.0
596,33124,3.5
597,2661,4.0
605,2661,3.0
597,2923,4.0
598,5223,1.0
598,5466,1.0
598,5503,1.0
598,5516,1.0
598,5517,1.0
598,5535,1.0
598,5575,1.0
599,3454,4.0
599,6332,5.0
599,7453,3.0
599,8642,3.0
599,33296,3.0
599,47122,4.0
599,54734,4.5
599,55100,4.0
599,59985,3.5
599,61250,5.0
599,70898,4.5
599,77414,4.0
599,79588,3.5
599,80858,2.0
599,80860,4.0
599,82152,3.5
599,82499,4.0
624,82499,2.5
599,86817,5.0
599,88179,4.5
620,88179,4.0
599,95567,4.5
600,111913,3.0
602,764,5.0
605,1044,3.0
605,2032,3.0
605,3460,3.0
605,3890,3.0
605,4001,2.0
606,27664,5.0
606,73860,3.0
608,757,4.0
608,865,4.0
608,1901,3.0
608,2832,3.0
609,617,1.0
609,1164,1.0
609,1450,5.0
609,1539,1.0
609,1563,5.0
609,1571,1.0
609,1819,5.0
609,2008,1.0
609,2063,1.0
609,2869,1.0
609,3003,1.0
609,3047,1.0
609,3303,1.0
609,3338,1.0
609,4026,1.0
609,4076,5.0
609,4208,1.0
609,4399,1.0
609,4538,1.0
609,4591,5.0
609,4592,1.0
609,4605,1.0
609,4796,5.0
609,4930,5.0
609,4984,1.0
609,5224,1.0
609,5236,1.0
609,5352,1.0
609,5395,1.0
609,5427,5.0
609,6531,1.0
611,98000,4.0
611,108514,4.5
611,149606,4.5
611,162542,5.0
611,162672,3.0
614,2849,2.0
614,4469,4.0
615,92008,3.5
624,92008,2.5
615,95761,4.0
615,104881,4.0
615,105954,3.5
624,105954,3.0
615,111931,2.0
620,54780,2.5
620,72294,4.0
620,78174,3.0
620,84637,1.5
621,4104,0.5
624,4104,1.0
621,6039,4.0
624,6039,3.0
621,7340,4.5
622,100553,5.0
623,27544,4.0
624,2887,1.0
652,2887,4.0
624,3031,3.0
624,3276,1.0
624,3596,1.0
624,3933,0.5
624,4051,0.5
624,4053,2.0
624,4156,2.0
624,4198,3.0
624,4233,2.5
624,4268,2.0
624,4397,3.0
624,4471,0.5
624,4477,1.0
624,4602,3.0
624,4634,3.0
624,4812,3.0
624,5356,0.5
624,5573,2.5
624,5582,2.0
624,5636,3.0
624,5779,2.0
624,6143,2.0
624,6302,1.0
624,6348,2.0
624,6349,2.0
624,6427,4.0
624,6514,0.5
624,6798,3.0
624,6812,2.5
624,6814,3.0
624,6862,3.5
664,6862,3.5
624,7016,1.0
624,7245,1.0
624,7258,1.5
624,7319,3.0
624,7372,3.0
624,7895,3.5
624,8136,0.5
624,8290,0.5
624,8447,1.0
624,8743,2.5
624,26409,1.0
624,26464,3.0
624,26750,3.0
624,31000,2.5
624,32291,2.5
624,43558,2.0
624,49688,4.0
624,50064,3.0
624,50792,2.5
624,52730,2.5
624,55294,2.5
624,61289,2.5
624,66785,4.0
624,67361,2.0
624,69118,1.5
624,70545,2.0
624,70984,3.5
624,71823,2.5
624,72694,2.0
624,73386,1.5
624,75803,1.5
624,75816,2.0
624,77191,2.5
624,79259,2.5
624,79590,2.5
624,79946,3.5
624,80590,2.0
624,81949,3.0
624,82093,1.5
624,83177,2.0
624,84696,4.0
624,84950,2.5
624,85399,1.0
624,86028,2.0
624,86593,2.5
624,87444,1.5
624,87483,2.0
624,87785,2.0
624,89305,4.0
624,89427,1.5
624,90343,2.5
624,90522,2.0
624,90738,1.5
624,91126,3.5
624,91128,3.0
624,91273,1.5
624,91323,1.5
624,91325,2.0
624,91470,1.5
624,91688,1.5
624,91873,1.5
624,91935,2.5
624,92048,2.5
624,92198,2.0
624,92439,2.0
624,92665,2.5
624,93242,1.5
624,93563,1.5
624,93980,1.5
624,93982,2.0
624,94011,1.5
624,94323,2.0
652,94323,4.0
624,94494,2.5
624,94672,2.0
624,94919,2.5
624,95067,2.5
624,95201,3.0
624,95508,3.5
624,95744,2.5
624,96114,2.0
624,96530,2.5
624,96726,1.5
624,97328,3.0
624,97470,1.5
624,97858,2.0
624,97870,4.0
624,98160,1.5
624,98175,1.5
624,98230,3.5
624,98279,3.0
624,98585,3.0
624,98836,2.0
624,98908,1.5
624,99005,1.5
624,99106,2.5
624,99415,2.0
624,99574,3.0
624,99846,3.0
624,99992,3.0
624,100226,1.5
624,100304,3.0
624,100326,2.5
624,100390,1.5
624,101283,2.5
624,101360,1.5
624,101415,1.5
652,101415,4.0
624,101529,2.0
624,101884,1.5
624,102165,2.0
624,102278,2.0
624,102378,1.5
624,103221,2.5
624,103502,1.5
624,103543,2.0
624,103596,1.5
624,103755,2.5
624,103819,3.0
624,103865,2.0
624,104076,1.5
624,104078,4.0
624,104129,2.0
624,104245,2.5
624,104760,1.0
624,104906,2.5
624,105037,2.0
624,105121,1.0
624,105254,3.0
624,105351,1.5
624,106542,1.5
624,106839,3.5
624,106883,1.5
624,107702,1.5
624,107945,2.0
624,108601,2.0
624,108715,1.5
624,108949,2.5
624,109042,2.0
624,109191,1.5
624,109295,2.0
624,109317,2.5
624,109372,1.5
624,109576,1.5
624,109853,2.0
624,110297,3.0
624,110611,2.5
624,110826,1.5
624,111663,1.5
624,111680,1.5
624,112303,1.5
624,112497,1.0
624,112749,2.0
624,113186,3.0
624,113225,3.0
624,113416,1.5
624,113532,3.5
624,114762,1.5
624,114818,2.5
624,114925,2.0
624,115151,2.0
624,116207,1.5
624,116413,3.0
624,116419,1.5
624,116849,2.5
624,116887,2.0
624,116985,1.5
624,117107,2.5
624,117511,3.0
624,117590,2.0
624,118248,1.5
624,118326,2.0
624,118354,3.0
624,118702,2.5
624,118814,2.0
624,119068,2.0
624,119655,1.0
624,120635,1.0
624,120783,2.5
624,122490,1.5
624,122932,2.0
624,123947,3.0
624,124859,2.0
624,125916,0.5
624,126420,1.5
624,127096,2.5
624,127194,2.0
624,127204,3.0
624,127319,1.5
624,128592,1.0
624,129250,0.5
624,129657,1.0
624,129659,3.5
624,129737,2.0
624,130083,2.0
624,130450,1.5
624,131714,1.5
624,132333,5.0
624,132462,1.0
624,132488,2.0
624,132618,1.5
624,133281,2.0
624,133365,2.0
624,133377,1.5
624,133545,1.0
624,133782,2.0
624,133798,1.5
624,134158,1.5
624,134859,3.5
624,135536,3.0
624,136305,1.0
624,136654,1.5
624,136666,1.0
624,136800,1.5
624,136816,2.5
624,138546,1.5
624,139415,3.0
624,139642,3.0
663,139642,4.0
624,139915,2.0
624,140237,2.0
624,140725,3.0
624,141422,2.5
624,142536,2.0
624,143255,1.5
624,143257,2.5
624,143410,2.0
624,143472,1.5
624,144714,1.5
624,145150,3.0
624,146688,2.0
624,149590,2.5
624,149612,2.0
624,150401,3.0
624,157407,1.5
624,160440,1.5
624,161830,1.0
624,161918,1.5
625,69529,4.0
627,26462,3.0
641,638,4.0
647,245,3.0
648,4741,4.5
648,5818,4.0
648,5913,3.0
648,6022,4.0
648,6091,3.5
648,6679,3.5
648,6690,3.5
648,6884,4.0
648,7011,3.5
648,7990,3.0
648,8273,4.0
648,8577,4.0
648,26947,4.5
648,27416,4.0
648,27700,4.0
652,27700,5.0
648,27875,4.0
648,33750,4.0
648,41912,4.5
648,48032,4.0
648,48593,4.0
648,48856,3.5
648,49265,4.0
648,57845,4.5
648,58029,4.0
648,61646,4.0
648,65259,4.0
648,71640,4.5
648,73101,4.0
648,77810,4.0
648,81819,4.0
648,92004,4.0
648,93693,4.0
648,98913,4.0
648,99675,4.0
648,102995,2.0
648,128616,4.0
648,140152,4.0
648,155611,4.0
652,3453,4.0
669,3453,2.0
652,3575,5.0
652,4342,5.0
652,4724,5.0
652,5229,5.0
652,5264,5.0
652,5271,4.0
652,6033,5.0
652,6295,4.0
652,6342,5.0
652,6369,5.0
652,6762,4.0
652,6769,5.0
652,7260,5.0
652,7625,4.0
652,7627,4.5
652,8256,4.0
652,8453,4.0
652,8699,5.0
652,26791,5.0
652,26843,5.0
652,26854,4.0
652,27826,5.0
652,53138,4.0
652,54251,5.0
652,59549,5.0
652,60086,4.0
652,68835,4.5
652,69495,3.0
652,70762,5.0
652,72947,4.0
652,79163,4.0
652,80584,4.5
652,82608,5.0
652,84414,5.0
652,89870,4.5
652,92613,4.0
652,92966,4.0
652,98933,5.0
652,99609,4.5
652,99615,4.0
652,100017,3.0
652,103731,5.0
652,106417,3.0
652,108551,3.0
652,108795,4.0
652,109183,4.0
652,109359,4.0
652,110058,3.0
652,110781,4.0
652,116855,4.0
652,127728,5.0
652,129009,4.0
652,130522,5.0
652,130628,4.0
652,130960,3.5
652,135264,4.0
652,135266,4.0
652,135268,4.0
652,137403,3.5
652,140739,5.0
652,140741,5.0
652,140743,5.0
652,140745,5.0
652,140747,5.0
652,140749,5.0
652,140751,5.0
652,140753,4.0
652,140755,5.0
652,140757,4.0
652,140759,5.0
652,140761,5.0
652,140763,5.0
652,140880,4.0
652,141124,5.0
652,142068,5.0
652,142240,5.0
652,146443,3.0
652,146501,2.5
652,146604,3.0
652,147037,5.0
653,2103,3.0
654,8504,4.5
654,26819,4.0
654,42009,3.0
655,143859,3.0
655,158314,4.5
656,1692,5.0
656,3845,5.0
656,3909,5.0
659,167,4.0
659,563,3.0
663,127124,4.0
663,134246,3.0
663,134528,3.5
663,134783,3.0
663,137595,3.0
663,138204,3.5
664,60832,3.0
664,64997,2.5
664,72380,3.5
665,129,3.0
665,4736,1.0
668,6425,1.0
